"ID";"MeansOfTransport";"Periods";"CarbonDioxideCO2_1";"DinitrogenOxideN2O_2";"MethaneCH4_3";"CarbonMonoxideCO_4";"NMVOC_5";"NitrogenOxidesNOx_6";"Soot_7";"PM10TotalParticulateMatter_8";"PM10CombustionParticulateMatter_9";"PM10WearParticulateMatter_10";"PM25TotalParticulateMatter_11";"PM25CombustionParticulateMatter_12";"PM25WearParticulateMatter_13";"AmmoniaNH3_14";"SulphurDioxideSO2_15";"CarbonDioxideCO2_16";"DinitrogenOxideN2O_17";"MethaneCH4_18";"CarbonMonoxideCO_19";"NMVOC_20";"NitrogenOxidesNOx_21";"Soot_22";"PM10TotalParticulateMatter_23";"PM10CombustionParticulateMatter_24";"PM10WearParticulateMatter_25";"PM25TotalParticulateMatter_26";"PM25CombustionParticulateMatter_27";"PM25WearParticulateMatter_28";"AmmoniaNH3_29";"SulphurDioxideSO2_30"
"0";"A018928";"1990JJ00";"   23986";"    0.31";"    7.02";"  698.45";"  175.47";"  257.89";"    7.43";"   17.24";"   15.17";"    2.07";"   15.52";"   15.17";"    0.34";"    0.92";"   12.77";"       .";"       .";"       .";"       .";"       .";"       .";"       .";"       .";"       .";"       .";"       .";"       .";"       .";"       .";"       ."
"1";"A018928";"1991JJ00";"   24171";"    0.41";"    6.14";"  609.06";"  153.71";"  249.19";"    7.17";"   16.59";"   14.55";"    2.05";"   14.89";"   14.55";"    0.34";"    1.20";"   13.02";"       .";"       .";"       .";"       .";"       .";"       .";"       .";"       .";"       .";"       .";"       .";"       .";"       .";"       .";"       ."
"2";"A018928";"1992JJ00";"   25336";"    0.53";"    5.83";"  584.89";"  143.60";"  242.42";"    7.02";"   16.21";"   14.07";"    2.14";"   14.43";"   14.07";"    0.36";"    1.50";"   13.50";"       .";"       .";"       .";"       .";"       .";"       .";"       .";"       .";"       .";"       .";"       .";"       .";"       .";"       .";"       ."
"3";"A018928";"1993JJ00";"   25305";"    0.61";"    5.29";"  537.18";"  128.93";"  224.67";"    6.56";"   15.06";"   12.94";"    2.13";"   13.29";"   12.94";"    0.35";"    1.67";"   13.34";"       .";"       .";"       .";"       .";"       .";"       .";"       .";"       .";"       .";"       .";"       .";"       .";"       .";"       .";"       ."
"4";"A018928";"1994JJ00";"   25637";"    0.70";"    4.92";"  504.72";"  118.20";"  209.60";"    6.20";"   14.15";"   12.00";"    2.15";"   12.36";"   12.00";"    0.36";"    1.86";"   12.91";"       .";"       .";"       .";"       .";"       .";"       .";"       .";"       .";"       .";"       .";"       .";"       .";"       .";"       .";"       ."
"5";"A018928";"1995JJ00";"   25625";"    0.76";"    4.64";"  481.68";"  107.77";"  196.62";"    5.83";"   13.21";"   11.04";"    2.17";"   11.40";"   11.04";"    0.36";"    2.18";"   11.90";"       .";"       .";"       .";"       .";"       .";"       .";"       .";"       .";"       .";"       .";"       .";"       .";"       .";"       .";"       ."
"6";"A018928";"1996JJ00";"   25885";"    0.79";"    4.38";"  464.19";"   98.81";"  185.61";"    5.47";"   12.29";"   10.12";"    2.18";"   10.48";"   10.12";"    0.36";"    2.59";"    8.91";"       .";"       .";"       .";"       .";"       .";"       .";"       .";"       .";"       .";"       .";"       .";"       .";"       .";"       .";"       ."
"7";"A018928";"1997JJ00";"   26414";"    0.81";"    4.06";"  438.64";"   89.23";"  175.34";"    5.20";"   11.56";"    9.35";"    2.21";"    9.72";"    9.35";"    0.37";"    3.00";"    4.19";"       .";"       .";"       .";"       .";"       .";"       .";"       .";"       .";"       .";"       .";"       .";"       .";"       .";"       .";"       ."
"8";"A018928";"1998JJ00";"   27081";"    0.82";"    3.79";"  417.10";"   81.06";"  167.63";"    5.09";"   11.08";"    8.83";"    2.25";"    9.21";"    8.83";"    0.37";"    3.31";"    4.37";"       .";"       .";"       .";"       .";"       .";"       .";"       .";"       .";"       .";"       .";"       .";"       .";"       .";"       .";"       ."
"9";"A018928";"1999JJ00";"   28394";"    0.84";"    3.59";"  406.08";"   74.30";"  167.26";"    5.21";"   11.08";"    8.74";"    2.34";"    9.13";"    8.74";"    0.39";"    3.74";"    4.72";"       .";"       .";"       .";"       .";"       .";"       .";"       .";"       .";"       .";"       .";"       .";"       .";"       .";"       .";"       ."
"10";"A018928";"2000JJ00";"   28405";"    0.87";"    3.25";"  387.48";"   62.47";"  158.73";"    5.05";"   10.53";"    8.19";"    2.35";"    8.58";"    8.19";"    0.39";"    4.42";"    3.00";"       .";"       .";"       .";"       .";"       .";"       .";"       .";"       .";"       .";"       .";"       .";"       .";"       .";"       .";"       ."
"11";"A018928";"2001JJ00";"   28708";"    0.86";"    3.13";"  384.00";"   55.59";"  151.60";"    4.85";"   10.05";"    7.69";"    2.36";"    8.08";"    7.69";"    0.39";"    4.78";"    0.76";"       .";"       .";"       .";"       .";"       .";"       .";"       .";"       .";"       .";"       .";"       .";"       .";"       .";"       .";"       ."
"12";"A018928";"2002JJ00";"   29134";"    0.84";"    3.05";"  386.08";"   50.07";"  145.70";"    4.59";"    9.52";"    7.12";"    2.40";"    7.52";"    7.12";"    0.40";"    5.08";"    0.77";"       .";"       .";"       .";"       .";"       .";"       .";"       .";"       .";"       .";"       .";"       .";"       .";"       .";"       .";"       ."
"13";"A018928";"2003JJ00";"   29403";"    0.82";"    2.97";"  386.35";"   45.36";"  140.65";"    4.36";"    9.05";"    6.63";"    2.42";"    7.03";"    6.63";"    0.40";"    5.22";"    0.49";"       .";"       .";"       .";"       .";"       .";"       .";"       .";"       .";"       .";"       .";"       .";"       .";"       .";"       .";"       ."
"14";"A018928";"2004JJ00";"   30056";"    0.81";"    2.88";"  385.65";"   41.27";"  138.11";"    4.23";"    8.79";"    6.31";"    2.48";"    6.72";"    6.31";"    0.41";"    5.39";"    0.55";"     237";"   0.006";"   0.023";"    3.04";"    0.32";"    1.09";"   0.033";"   0.069";"   0.050";"   0.020";"   0.053";"   0.050";"   0.003";"   0.042";"   0.004"
"15";"A018928";"2005JJ00";"   29266";"    0.83";"    2.60";"  360.10";"   36.80";"  128.69";"    3.80";"    8.10";"    5.64";"    2.46";"    6.05";"    5.64";"    0.41";"    4.93";"    0.24";"     231";"   0.007";"   0.020";"    2.84";"    0.29";"    1.01";"   0.030";"   0.064";"   0.044";"   0.019";"   0.048";"   0.044";"   0.003";"   0.039";"   0.002"
"16";"A018928";"2006JJ00";"   29030";"    0.87";"    2.38";"  342.88";"   33.44";"  122.30";"    3.37";"    7.48";"    5.00";"    2.48";"    5.41";"    5.00";"    0.41";"    4.61";"    0.29";"     228";"   0.007";"   0.019";"    2.69";"    0.26";"    0.96";"   0.026";"   0.059";"   0.039";"   0.019";"   0.042";"   0.039";"   0.003";"   0.036";"   0.002"
"17";"A018928";"2007JJ00";"   29203";"    0.93";"    2.19";"  330.33";"   30.83";"  117.26";"    2.99";"    6.97";"    4.43";"    2.54";"    4.85";"    4.43";"    0.42";"    4.35";"    0.29";"     225";"   0.007";"   0.017";"    2.54";"    0.24";"    0.90";"   0.023";"   0.054";"   0.034";"   0.020";"   0.037";"   0.034";"   0.003";"   0.034";"   0.002"
"18";"A018928";"2008JJ00";"   28867";"    0.97";"    1.98";"  311.49";"   28.17";"  110.71";"    2.55";"    6.33";"    3.77";"    2.56";"    4.20";"    3.77";"    0.43";"    3.99";"    0.18";"     223";"   0.007";"   0.015";"    2.40";"    0.22";"    0.85";"   0.020";"   0.049";"   0.029";"   0.020";"   0.032";"   0.029";"   0.003";"   0.031";"   0.001"
"19";"A018928";"2009JJ00";"   28374";"    1.00";"    1.79";"  299.02";"   25.40";"  101.47";"    2.03";"    5.56";"    3.00";"    2.56";"    3.43";"    3.00";"    0.43";"    3.72";"    0.18";"     219";"   0.008";"   0.014";"    2.31";"    0.20";"    0.78";"   0.016";"   0.043";"   0.023";"   0.020";"   0.026";"   0.023";"   0.003";"   0.029";"   0.001"
"20";"A018928";"2010JJ00";"   28199";"    1.04";"    1.85";"  285.19";"   24.28";"   97.65";"    1.78";"    5.23";"    2.66";"    2.56";"    3.09";"    2.66";"    0.43";"    3.63";"    0.18";"     217";"   0.008";"   0.014";"    2.19";"    0.19";"    0.75";"   0.014";"   0.040";"   0.020";"   0.020";"   0.024";"   0.020";"   0.003";"   0.028";"   0.001"
"21";"A018928";"2011JJ00";"   27912";"    1.07";"    1.99";"  269.93";"   24.28";"   94.25";"    1.50";"    4.85";"    2.29";"    2.56";"    2.72";"    2.29";"    0.43";"    3.53";"    0.18";"     214";"   0.008";"   0.015";"    2.07";"    0.19";"    0.72";"   0.011";"   0.037";"   0.018";"   0.020";"   0.021";"   0.018";"   0.003";"   0.027";"   0.001"
"22";"A018928";"2012JJ00";"   27524";"    1.08";"    2.07";"  256.37";"   23.95";"   91.12";"    1.29";"    4.56";"    2.01";"    2.54";"    2.44";"    2.01";"    0.42";"    3.43";"    0.18";"     211";"   0.008";"   0.016";"    1.97";"    0.18";"    0.70";"   0.010";"   0.035";"   0.015";"   0.020";"   0.019";"   0.015";"   0.003";"   0.026";"   0.001"
"23";"A018928";"2013JJ00";"   26956";"    1.07";"    2.14";"  246.54";"   23.69";"   85.78";"    1.13";"    4.30";"    1.79";"    2.51";"    2.21";"    1.79";"    0.42";"    3.41";"    0.18";"     208";"   0.008";"   0.017";"    1.90";"    0.18";"    0.66";"   0.009";"   0.033";"   0.014";"   0.019";"   0.017";"   0.014";"   0.003";"   0.026";"   0.001"
"24";"A018928";"2014JJ00";"   26857";"    1.08";"    2.19";"  240.96";"   23.48";"   82.53";"    1.00";"    4.14";"    1.62";"    2.52";"    2.04";"    1.62";"    0.42";"    3.44";"    0.18";"     207";"   0.008";"   0.017";"    1.85";"    0.18";"    0.64";"   0.008";"   0.032";"   0.012";"   0.019";"   0.016";"   0.012";"   0.003";"   0.026";"   0.001"
"25";"A018928";"2015JJ00";"   27241";"    1.11";"    2.24";"  233.78";"   23.40";"   81.10";"    0.89";"    4.06";"    1.48";"    2.58";"    1.91";"    1.48";"    0.43";"    3.48";"    0.18";"     207";"   0.008";"   0.017";"    1.77";"    0.18";"    0.62";"   0.007";"   0.031";"   0.011";"   0.020";"   0.014";"   0.011";"   0.003";"   0.026";"   0.001"
"26";"A018928";"2016JJ00";"   28032";"    1.15";"    2.30";"  232.48";"   23.68";"   80.90";"    0.82";"    4.06";"    1.39";"    2.67";"    1.83";"    1.39";"    0.45";"    3.59";"    0.19";"     207";"   0.009";"   0.017";"    1.72";"    0.17";"    0.60";"   0.006";"   0.030";"   0.010";"   0.020";"   0.014";"   0.010";"   0.003";"   0.026";"   0.001"
"27";"A018928";"2017JJ00";"   28384";"    1.18";"    2.34";"  228.86";"   23.75";"   78.76";"    0.76";"    4.03";"    1.30";"    2.72";"    1.76";"    1.30";"    0.45";"    3.64";"    0.19";"     207";"   0.009";"   0.017";"    1.67";"    0.17";"    0.57";"   0.006";"   0.029";"   0.009";"   0.020";"   0.013";"   0.009";"   0.003";"   0.026";"   0.001"
"28";"A018928";"2018JJ00";"   28657";"    1.20";"    2.35";"  229.83";"   23.59";"   78.18";"    0.74";"    4.02";"    1.26";"    2.76";"    1.72";"    1.26";"    0.46";"    3.70";"    0.19";"     206";"   0.009";"   0.017";"    1.65";"    0.17";"    0.56";"   0.005";"   0.029";"   0.009";"   0.020";"   0.012";"   0.009";"   0.003";"   0.027";"   0.001"
"29";"A018928";"2019JJ00";"   28526";"    1.23";"    2.32";"  213.76";"   23.24";"   72.44";"    0.62";"    3.88";"    1.10";"    2.79";"    1.56";"    1.10";"    0.47";"    3.65";"    0.19";"     204";"   0.009";"   0.017";"    1.53";"    0.17";"    0.52";"   0.004";"   0.028";"   0.008";"   0.020";"   0.011";"   0.008";"   0.003";"   0.026";"   0.001"
"30";"A018928";"2020JJ00";"   25374";"    1.14";"    2.02";"  181.29";"   21.04";"   59.15";"    0.48";"    3.38";"    0.89";"    2.49";"    1.30";"    0.89";"    0.42";"    3.31";"    0.17";"     209";"   0.009";"   0.017";"    1.49";"    0.17";"    0.49";"   0.004";"   0.028";"   0.007";"   0.020";"   0.011";"   0.007";"   0.003";"   0.027";"   0.001"
"31";"A018928";"2021JJ00";"   26222";"    1.19";"    2.04";"  176.19";"   21.39";"   57.45";"    0.44";"    3.46";"    0.84";"    2.63";"    1.28";"    0.84";"    0.44";"    3.49";"    0.17";"     205";"   0.009";"   0.016";"    1.38";"    0.17";"    0.45";"   0.003";"   0.027";"   0.007";"   0.021";"   0.010";"   0.007";"   0.003";"   0.027";"   0.001"
"32";"A018928";"2022JJ00";"   26928";"    1.24";"    2.03";"  166.81";"   21.15";"   56.44";"    0.40";"    3.55";"    0.78";"    2.77";"    1.24";"    0.78";"    0.46";"    3.61";"    0.18";"     201";"   0.009";"   0.015";"    1.24";"    0.16";"    0.42";"   0.003";"   0.026";"   0.006";"   0.021";"   0.009";"   0.006";"   0.003";"   0.027";"   0.001"
"33";"A018928";"2023JJ00";"   26965";"    1.25";"    1.98";"  160.04";"   20.85";"   53.00";"    0.37";"    3.58";"    0.73";"    2.85";"    1.21";"    0.73";"    0.48";"    3.68";"    0.18";"     196";"   0.009";"   0.014";"    1.16";"    0.15";"    0.38";"   0.003";"   0.026";"   0.005";"   0.021";"   0.009";"   0.005";"   0.003";"   0.027";"   0.001"
"34";"A018943";"1990JJ00";"   15516";"    0.24";"    5.24";"  592.79";"  134.62";"  142.67";"    2.49";"    6.89";"    5.50";"    1.39";"    5.73";"    5.50";"    0.23";"    0.88";"    4.62";"       .";"       .";"       .";"       .";"       .";"       .";"       .";"       .";"       .";"       .";"       .";"       .";"       .";"       .";"       ."
"35";"A018943";"1991JJ00";"   15405";"    0.32";"    4.38";"  502.57";"  113.36";"  130.44";"    2.24";"    6.22";"    4.88";"    1.34";"    5.11";"    4.88";"    0.22";"    1.15";"    4.46";"       .";"       .";"       .";"       .";"       .";"       .";"       .";"       .";"       .";"       .";"       .";"       .";"       .";"       .";"       ."
"36";"A018943";"1992JJ00";"   16091";"    0.43";"    4.10";"  475.36";"  104.63";"  121.93";"    2.15";"    6.03";"    4.63";"    1.39";"    4.86";"    4.63";"    0.23";"    1.44";"    4.45";"       .";"       .";"       .";"       .";"       .";"       .";"       .";"       .";"       .";"       .";"       .";"       .";"       .";"       .";"       ."
"37";"A018943";"1993JJ00";"   15915";"    0.49";"    3.65";"  427.00";"   92.04";"  109.30";"    1.96";"    5.51";"    4.15";"    1.36";"    4.37";"    4.15";"    0.23";"    1.61";"    4.17";"       .";"       .";"       .";"       .";"       .";"       .";"       .";"       .";"       .";"       .";"       .";"       .";"       .";"       .";"       ."
"38";"A018943";"1994JJ00";"   16260";"    0.57";"    3.38";"  398.22";"   83.41";"  100.63";"    1.89";"    5.30";"    3.91";"    1.39";"    4.14";"    3.91";"    0.23";"    1.79";"    3.99";"       .";"       .";"       .";"       .";"       .";"       .";"       .";"       .";"       .";"       .";"       .";"       .";"       .";"       .";"       ."
"39";"A018943";"1995JJ00";"   16068";"    0.63";"    3.18";"  379.45";"   75.01";"   91.19";"    1.80";"    5.01";"    3.62";"    1.40";"    3.85";"    3.62";"    0.23";"    2.10";"    3.55";"       .";"       .";"       .";"       .";"       .";"       .";"       .";"       .";"       .";"       .";"       .";"       .";"       .";"       .";"       ."
"40";"A018943";"1996JJ00";"   16321";"    0.65";"    3.01";"  364.52";"   68.02";"   86.17";"    1.74";"    4.82";"    3.41";"    1.41";"    3.65";"    3.41";"    0.23";"    2.50";"    2.70";"       .";"       .";"       .";"       .";"       .";"       .";"       .";"       .";"       .";"       .";"       .";"       .";"       .";"       .";"       ."
"41";"A018943";"1997JJ00";"   16659";"    0.66";"    2.76";"  342.42";"   59.98";"   79.47";"    1.70";"    4.62";"    3.19";"    1.43";"    3.43";"    3.19";"    0.24";"    2.90";"    1.49";"       .";"       .";"       .";"       .";"       .";"       .";"       .";"       .";"       .";"       .";"       .";"       .";"       .";"       .";"       ."
"42";"A018943";"1998JJ00";"   17026";"    0.66";"    2.54";"  323.81";"   53.08";"   73.76";"    1.71";"    4.52";"    3.07";"    1.45";"    3.31";"    3.07";"    0.24";"    3.21";"    1.59";"       .";"       .";"       .";"       .";"       .";"       .";"       .";"       .";"       .";"       .";"       .";"       .";"       .";"       .";"       ."
"43";"A018943";"1999JJ00";"   17659";"    0.66";"    2.40";"  316.09";"   47.40";"   70.11";"    1.79";"    4.54";"    3.05";"    1.49";"    3.30";"    3.05";"    0.25";"    3.63";"    1.74";"       .";"       .";"       .";"       .";"       .";"       .";"       .";"       .";"       .";"       .";"       .";"       .";"       .";"       .";"       ."
"44";"A018943";"2000JJ00";"   17777";"    0.69";"    2.17";"  303.42";"   38.24";"   62.96";"    1.75";"    4.36";"    2.87";"    1.49";"    3.12";"    2.87";"    0.25";"    4.30";"    1.26";"       .";"       .";"       .";"       .";"       .";"       .";"       .";"       .";"       .";"       .";"       .";"       .";"       .";"       .";"       ."
"45";"A018943";"2001JJ00";"   17979";"    0.68";"    2.12";"  304.61";"   33.17";"   57.53";"    1.68";"    4.17";"    2.66";"    1.51";"    2.91";"    2.66";"    0.25";"    4.67";"    0.48";"       .";"       .";"       .";"       .";"       .";"       .";"       .";"       .";"       .";"       .";"       .";"       .";"       .";"       .";"       ."
"46";"A018943";"2002JJ00";"   18356";"    0.67";"    2.11";"  309.68";"   29.10";"   53.15";"    1.62";"    4.03";"    2.49";"    1.54";"    2.75";"    2.49";"    0.26";"    4.97";"    0.54";"       .";"       .";"       .";"       .";"       .";"       .";"       .";"       .";"       .";"       .";"       .";"       .";"       .";"       .";"       ."
"47";"A018943";"2003JJ00";"   18574";"    0.65";"    2.10";"  313.07";"   25.90";"   49.53";"    1.56";"    3.90";"    2.34";"    1.56";"    2.60";"    2.34";"    0.26";"    5.11";"    0.29";"       .";"       .";"       .";"       .";"       .";"       .";"       .";"       .";"       .";"       .";"       .";"       .";"       .";"       .";"       ."
"48";"A018943";"2004JJ00";"   19053";"    0.64";"    2.08";"  314.88";"   23.59";"   46.85";"    1.53";"    3.84";"    2.24";"    1.60";"    2.51";"    2.24";"    0.27";"    5.27";"    0.33";"     193";"   0.006";"   0.021";"    3.18";"    0.24";"    0.47";"   0.015";"   0.039";"   0.023";"   0.016";"   0.025";"   0.023";"   0.003";"   0.053";"   0.003"
"49";"A018943";"2005JJ00";"   18457";"    0.63";"    1.85";"  292.07";"   20.20";"   42.72";"    1.39";"    3.62";"    2.04";"    1.58";"    2.30";"    2.04";"    0.26";"    4.81";"    0.18";"     187";"   0.006";"   0.019";"    2.96";"    0.21";"    0.43";"   0.014";"   0.037";"   0.021";"   0.016";"   0.023";"   0.021";"   0.003";"   0.049";"   0.002"
"50";"A018943";"2006JJ00";"   18314";"    0.63";"    1.66";"  276.50";"   17.57";"   39.77";"    1.27";"    3.47";"    1.86";"    1.61";"    2.13";"    1.86";"    0.27";"    4.49";"    0.21";"     184";"   0.006";"   0.017";"    2.78";"    0.18";"    0.40";"   0.013";"   0.035";"   0.019";"   0.016";"   0.021";"   0.019";"   0.003";"   0.045";"   0.002"
"51";"A018943";"2007JJ00";"   18310";"    0.64";"    1.48";"  264.61";"   15.31";"   36.94";"    1.12";"    3.31";"    1.66";"    1.65";"    1.93";"    1.66";"    0.27";"    4.21";"    0.21";"     181";"   0.006";"   0.015";"    2.61";"    0.15";"    0.36";"   0.011";"   0.033";"   0.016";"   0.016";"   0.019";"   0.016";"   0.003";"   0.042";"   0.002"
"52";"A018943";"2008JJ00";"   17818";"    0.64";"    1.28";"  246.16";"   12.87";"   33.10";"    0.93";"    3.03";"    1.39";"    1.64";"    1.66";"    1.39";"    0.27";"    3.84";"    0.11";"     178";"   0.006";"   0.013";"    2.46";"    0.13";"    0.33";"   0.009";"   0.030";"   0.014";"   0.016";"   0.017";"   0.014";"   0.003";"   0.038";"   0.001"
"53";"A018943";"2009JJ00";"   17547";"    0.64";"    1.10";"  233.96";"   10.74";"   29.31";"    0.73";"    2.77";"    1.11";"    1.66";"    1.39";"    1.11";"    0.27";"    3.55";"    0.11";"     175";"   0.006";"   0.011";"    2.33";"    0.11";"    0.29";"   0.007";"   0.028";"   0.011";"   0.016";"   0.014";"   0.011";"   0.003";"   0.035";"   0.001"
"54";"A018943";"2010JJ00";"   17416";"    0.65";"    1.19";"  223.24";"   10.90";"   28.82";"    0.62";"    2.63";"    0.97";"    1.66";"    1.24";"    0.97";"    0.28";"    3.46";"    0.11";"     172";"   0.006";"   0.012";"    2.20";"    0.11";"    0.28";"   0.006";"   0.026";"   0.010";"   0.016";"   0.012";"   0.010";"   0.003";"   0.034";"   0.001"
"55";"A018943";"2011JJ00";"   17202";"    0.66";"    1.32";"  210.05";"   11.29";"   28.48";"    0.49";"    2.47";"    0.81";"    1.66";"    1.09";"    0.81";"    0.28";"    3.36";"    0.11";"     169";"   0.006";"   0.013";"    2.06";"    0.11";"    0.28";"   0.005";"   0.024";"   0.008";"   0.016";"   0.011";"   0.008";"   0.003";"   0.033";"   0.001"
"56";"A018943";"2012JJ00";"   16990";"    0.66";"    1.39";"  198.98";"   11.35";"   28.47";"    0.42";"    2.37";"    0.71";"    1.66";"    0.99";"    0.71";"    0.28";"    3.25";"    0.11";"     166";"   0.006";"   0.014";"    1.95";"    0.11";"    0.28";"   0.004";"   0.023";"   0.007";"   0.016";"   0.010";"   0.007";"   0.003";"   0.032";"   0.001"
"57";"A018943";"2013JJ00";"   16830";"    0.66";"    1.44";"  192.42";"   11.45";"   28.42";"    0.36";"    2.30";"    0.64";"    1.66";"    0.92";"    0.64";"    0.28";"    3.19";"    0.11";"     165";"   0.006";"   0.014";"    1.88";"    0.11";"    0.28";"   0.004";"   0.023";"   0.006";"   0.016";"   0.009";"   0.006";"   0.003";"   0.031";"   0.001"
"58";"A018943";"2014JJ00";"   16781";"    0.67";"    1.50";"  189.63";"   11.48";"   28.29";"    0.31";"    2.25";"    0.58";"    1.67";"    0.86";"    0.58";"    0.28";"    3.16";"    0.11";"     163";"   0.006";"   0.015";"    1.85";"    0.11";"    0.28";"   0.003";"   0.022";"   0.006";"   0.016";"   0.008";"   0.006";"   0.003";"   0.031";"   0.001"
"59";"A018943";"2015JJ00";"   16893";"    0.67";"    1.55";"  185.27";"   11.64";"   28.00";"    0.27";"    2.22";"    0.52";"    1.70";"    0.80";"    0.52";"    0.28";"    3.13";"    0.11";"     162";"   0.006";"   0.015";"    1.78";"    0.11";"    0.27";"   0.003";"   0.021";"   0.005";"   0.016";"   0.008";"   0.005";"   0.003";"   0.030";"   0.001"
"60";"A018943";"2016JJ00";"   17232";"    0.69";"    1.60";"  185.66";"   11.95";"   28.43";"    0.25";"    2.25";"    0.49";"    1.75";"    0.79";"    0.49";"    0.29";"    3.16";"    0.11";"     162";"   0.007";"   0.015";"    1.74";"    0.11";"    0.27";"   0.002";"   0.021";"   0.005";"   0.016";"   0.007";"   0.005";"   0.003";"   0.030";"   0.001"
"61";"A018943";"2017JJ00";"   17341";"    0.71";"    1.62";"  183.27";"   12.02";"   28.27";"    0.23";"    2.24";"    0.46";"    1.77";"    0.76";"    0.46";"    0.29";"    3.16";"    0.11";"     161";"   0.007";"   0.015";"    1.70";"    0.11";"    0.26";"   0.002";"   0.021";"   0.004";"   0.016";"   0.007";"   0.004";"   0.003";"   0.029";"   0.001"
"62";"A018943";"2018JJ00";"   17489";"    0.73";"    1.64";"  185.69";"   12.18";"   28.56";"    0.22";"    2.24";"    0.45";"    1.80";"    0.75";"    0.45";"    0.30";"    3.20";"    0.12";"     160";"   0.007";"   0.015";"    1.70";"    0.11";"    0.26";"   0.002";"   0.021";"   0.004";"   0.016";"   0.007";"   0.004";"   0.003";"   0.029";"   0.001"
"63";"A018943";"2019JJ00";"   17236";"    0.75";"    1.60";"  172.56";"   11.95";"   26.51";"    0.18";"    2.19";"    0.38";"    1.81";"    0.68";"    0.38";"    0.30";"    3.09";"    0.12";"     158";"   0.007";"   0.015";"    1.58";"    0.11";"    0.24";"   0.002";"   0.020";"   0.003";"   0.017";"   0.006";"   0.003";"   0.003";"   0.028";"   0.001"
"64";"A018943";"2020JJ00";"   14315";"    0.66";"    1.34";"  143.87";"   10.14";"   19.41";"    0.12";"    1.80";"    0.28";"    1.52";"    0.54";"    0.28";"    0.25";"    2.67";"    0.10";"     156";"   0.007";"   0.015";"    1.57";"    0.11";"    0.21";"   0.001";"   0.020";"   0.003";"   0.017";"   0.006";"   0.003";"   0.003";"   0.029";"   0.001"
"65";"A018943";"2021JJ00";"   14888";"    0.70";"    1.37";"  140.98";"   10.61";"   18.99";"    0.11";"    1.90";"    0.27";"    1.63";"    0.54";"    0.27";"    0.27";"    2.76";"    0.10";"     154";"   0.007";"   0.014";"    1.45";"    0.11";"    0.20";"   0.001";"   0.020";"   0.003";"   0.017";"   0.006";"   0.003";"   0.003";"   0.028";"   0.001"
"66";"A018943";"2022JJ00";"   15312";"    0.72";"    1.38";"  134.05";"   10.71";"   18.90";"    0.09";"    1.99";"    0.25";"    1.74";"    0.54";"    0.25";"    0.29";"    2.81";"    0.11";"     149";"   0.007";"   0.013";"    1.31";"    0.10";"    0.18";"   0.001";"   0.019";"   0.002";"   0.017";"   0.005";"   0.002";"   0.003";"   0.027";"   0.001"
"67";"A018943";"2023JJ00";"   15514";"    0.73";"    1.37";"  129.69";"   10.81";"   17.94";"    0.09";"    2.07";"    0.24";"    1.83";"    0.54";"    0.24";"    0.30";"    2.87";"    0.11";"     146";"   0.007";"   0.013";"    1.22";"    0.10";"    0.17";"   0.001";"   0.019";"   0.002";"   0.017";"   0.005";"   0.002";"   0.003";"   0.027";"   0.001"
"68";"A018944";"1990JJ00";"     107";"    0.00";"    0.08";"   19.57";"    1.69";"    0.27";"    0.00";"    0.03";"    0.02";"    0.01";"    0.02";"    0.02";"    0.00";"    0.00";"    0.02";"       .";"       .";"       .";"       .";"       .";"       .";"       .";"       .";"       .";"       .";"       .";"       .";"       .";"       .";"       ."
"69";"A018944";"1991JJ00";"     125";"    0.00";"    0.09";"   22.79";"    1.96";"    0.32";"    0.00";"    0.03";"    0.02";"    0.01";"    0.03";"    0.02";"    0.00";"    0.00";"    0.02";"       .";"       .";"       .";"       .";"       .";"       .";"       .";"       .";"       .";"       .";"       .";"       .";"       .";"       .";"       ."
"70";"A018944";"1992JJ00";"     149";"    0.00";"    0.11";"   27.29";"    2.33";"    0.38";"    0.01";"    0.04";"    0.03";"    0.01";"    0.03";"    0.03";"    0.00";"    0.00";"    0.02";"       .";"       .";"       .";"       .";"       .";"       .";"       .";"       .";"       .";"       .";"       .";"       .";"       .";"       .";"       ."
"71";"A018944";"1993JJ00";"     171";"    0.00";"    0.12";"   31.13";"    2.65";"    0.43";"    0.01";"    0.04";"    0.03";"    0.01";"    0.03";"    0.03";"    0.00";"    0.00";"    0.02";"       .";"       .";"       .";"       .";"       .";"       .";"       .";"       .";"       .";"       .";"       .";"       .";"       .";"       .";"       ."
"72";"A018944";"1994JJ00";"     184";"    0.00";"    0.13";"   33.47";"    2.84";"    0.47";"    0.01";"    0.04";"    0.03";"    0.01";"    0.04";"    0.03";"    0.00";"    0.00";"    0.02";"       .";"       .";"       .";"       .";"       .";"       .";"       .";"       .";"       .";"       .";"       .";"       .";"       .";"       .";"       ."
"73";"A018944";"1995JJ00";"     194";"    0.00";"    0.13";"   35.25";"    2.98";"    0.49";"    0.01";"    0.05";"    0.04";"    0.01";"    0.04";"    0.04";"    0.00";"    0.00";"    0.01";"       .";"       .";"       .";"       .";"       .";"       .";"       .";"       .";"       .";"       .";"       .";"       .";"       .";"       .";"       ."
"74";"A018944";"1996JJ00";"     215";"    0.00";"    0.15";"   39.07";"    3.29";"    0.55";"    0.01";"    0.05";"    0.04";"    0.01";"    0.04";"    0.04";"    0.00";"    0.00";"    0.01";"       .";"       .";"       .";"       .";"       .";"       .";"       .";"       .";"       .";"       .";"       .";"       .";"       .";"       .";"       ."
"75";"A018944";"1997JJ00";"     224";"    0.00";"    0.15";"   40.68";"    3.43";"    0.57";"    0.01";"    0.05";"    0.04";"    0.01";"    0.04";"    0.04";"    0.00";"    0.00";"    0.01";"       .";"       .";"       .";"       .";"       .";"       .";"       .";"       .";"       .";"       .";"       .";"       .";"       .";"       .";"       ."
"76";"A018944";"1998JJ00";"     233";"    0.00";"    0.16";"   42.15";"    3.54";"    0.59";"    0.01";"    0.05";"    0.04";"    0.01";"    0.04";"    0.04";"    0.00";"    0.00";"    0.01";"       .";"       .";"       .";"       .";"       .";"       .";"       .";"       .";"       .";"       .";"       .";"       .";"       .";"       .";"       ."
"77";"A018944";"1999JJ00";"     243";"    0.00";"    0.16";"   41.95";"    3.56";"    0.69";"    0.01";"    0.06";"    0.04";"    0.01";"    0.05";"    0.04";"    0.00";"    0.00";"    0.01";"       .";"       .";"       .";"       .";"       .";"       .";"       .";"       .";"       .";"       .";"       .";"       .";"       .";"       .";"       ."
"78";"A018944";"2000JJ00";"     256";"    0.00";"    0.16";"   40.29";"    3.50";"    0.85";"    0.01";"    0.06";"    0.05";"    0.01";"    0.05";"    0.05";"    0.00";"    0.00";"    0.01";"       .";"       .";"       .";"       .";"       .";"       .";"       .";"       .";"       .";"       .";"       .";"       .";"       .";"       .";"       ."
"79";"A018944";"2001JJ00";"     268";"    0.00";"    0.15";"   39.05";"    3.47";"    0.99";"    0.01";"    0.06";"    0.05";"    0.01";"    0.05";"    0.05";"    0.00";"    0.00";"    0.01";"       .";"       .";"       .";"       .";"       .";"       .";"       .";"       .";"       .";"       .";"       .";"       .";"       .";"       .";"       ."
"80";"A018944";"2002JJ00";"     285";"    0.00";"    0.16";"   39.02";"    3.53";"    1.13";"    0.01";"    0.06";"    0.05";"    0.01";"    0.05";"    0.05";"    0.00";"    0.00";"    0.01";"       .";"       .";"       .";"       .";"       .";"       .";"       .";"       .";"       .";"       .";"       .";"       .";"       .";"       .";"       ."
"81";"A018944";"2003JJ00";"     295";"    0.00";"    0.16";"   38.59";"    3.52";"    1.20";"    0.01";"    0.06";"    0.05";"    0.02";"    0.05";"    0.05";"    0.00";"    0.00";"    0.01";"       .";"       .";"       .";"       .";"       .";"       .";"       .";"       .";"       .";"       .";"       .";"       .";"       .";"       .";"       ."
"82";"A018944";"2004JJ00";"     303";"    0.00";"    0.16";"   38.31";"    3.51";"    1.22";"    0.01";"    0.06";"    0.05";"    0.02";"    0.05";"    0.05";"    0.00";"    0.00";"    0.01";"     125";"   0.002";"   0.065";"   15.85";"    1.45";"    0.51";"   0.004";"   0.027";"   0.020";"   0.006";"   0.021";"   0.020";"   0.001";"   0.002";"   0.002"
"83";"A018944";"2005JJ00";"     308";"    0.00";"    0.15";"   37.65";"    3.47";"    1.23";"    0.01";"    0.06";"    0.05";"    0.02";"    0.05";"    0.05";"    0.00";"    0.00";"    0.00";"     125";"   0.002";"   0.063";"   15.36";"    1.41";"    0.50";"   0.004";"   0.026";"   0.020";"   0.006";"   0.021";"   0.020";"   0.001";"   0.002";"   0.002"
"84";"A018944";"2006JJ00";"     310";"    0.00";"    0.15";"   36.94";"    3.43";"    1.23";"    0.01";"    0.06";"    0.05";"    0.02";"    0.05";"    0.05";"    0.00";"    0.00";"    0.00";"     125";"   0.002";"   0.061";"   14.91";"    1.38";"    0.50";"   0.004";"   0.026";"   0.020";"   0.006";"   0.021";"   0.020";"   0.001";"   0.002";"   0.002"
"85";"A018944";"2007JJ00";"     311";"    0.01";"    0.15";"   36.18";"    3.37";"    1.23";"    0.01";"    0.06";"    0.05";"    0.02";"    0.05";"    0.05";"    0.00";"    0.01";"    0.00";"     124";"   0.002";"   0.059";"   14.39";"    1.34";"    0.49";"   0.004";"   0.026";"   0.019";"   0.006";"   0.020";"   0.019";"   0.001";"   0.002";"   0.002"
"86";"A018944";"2008JJ00";"     314";"    0.01";"    0.15";"   35.33";"    3.30";"    1.22";"    0.01";"    0.06";"    0.05";"    0.02";"    0.05";"    0.05";"    0.00";"    0.01";"    0.00";"     123";"   0.002";"   0.057";"   13.81";"    1.29";"    0.48";"   0.004";"   0.025";"   0.019";"   0.006";"   0.020";"   0.019";"   0.001";"   0.002";"   0.002"
"87";"A018944";"2009JJ00";"     315";"    0.01";"    0.14";"   34.33";"    3.22";"    1.20";"    0.01";"    0.06";"    0.05";"    0.02";"    0.05";"    0.05";"    0.00";"    0.01";"    0.00";"     121";"   0.002";"   0.055";"   13.25";"    1.24";"    0.46";"   0.004";"   0.025";"   0.018";"   0.006";"   0.019";"   0.018";"   0.001";"   0.002";"   0.002"
"88";"A018944";"2010JJ00";"     313";"    0.01";"    0.13";"   32.48";"    3.07";"    1.18";"    0.01";"    0.06";"    0.05";"    0.02";"    0.05";"    0.05";"    0.00";"    0.01";"    0.00";"     120";"   0.002";"   0.052";"   12.48";"    1.18";"    0.45";"   0.004";"   0.024";"   0.018";"   0.006";"   0.019";"   0.018";"   0.001";"   0.002";"   0.002"
"89";"A018944";"2011JJ00";"     309";"    0.01";"    0.13";"   30.84";"    2.94";"    1.14";"    0.01";"    0.06";"    0.05";"    0.02";"    0.05";"    0.05";"    0.00";"    0.01";"    0.00";"     119";"   0.002";"   0.049";"   11.85";"    1.13";"    0.44";"   0.003";"   0.024";"   0.017";"   0.006";"   0.018";"   0.017";"   0.001";"   0.002";"   0.002"
"90";"A018944";"2012JJ00";"     302";"    0.01";"    0.12";"   29.19";"    2.80";"    1.10";"    0.01";"    0.06";"    0.04";"    0.02";"    0.05";"    0.04";"    0.00";"    0.01";"    0.00";"     117";"   0.002";"   0.047";"   11.30";"    1.09";"    0.43";"   0.003";"   0.024";"   0.017";"   0.006";"   0.018";"   0.017";"   0.001";"   0.002";"   0.002"
"91";"A018944";"2013JJ00";"     293";"    0.01";"    0.12";"   27.42";"    2.66";"    1.05";"    0.01";"    0.06";"    0.04";"    0.02";"    0.05";"    0.04";"    0.00";"    0.01";"    0.00";"     115";"   0.002";"   0.045";"   10.79";"    1.05";"    0.41";"   0.003";"   0.023";"   0.017";"   0.006";"   0.018";"   0.017";"   0.001";"   0.002";"   0.002"
"92";"A018944";"2014JJ00";"     283";"    0.00";"    0.11";"   25.70";"    2.53";"    0.99";"    0.01";"    0.06";"    0.04";"    0.02";"    0.04";"    0.04";"    0.00";"    0.00";"    0.00";"     114";"   0.002";"   0.044";"   10.32";"    1.02";"    0.40";"   0.003";"   0.023";"   0.016";"   0.006";"   0.018";"   0.016";"   0.001";"   0.002";"   0.002"
"93";"A018944";"2015JJ00";"     274";"    0.00";"    0.10";"   23.78";"    2.36";"    0.94";"    0.01";"    0.06";"    0.04";"    0.02";"    0.04";"    0.04";"    0.00";"    0.00";"    0.00";"     112";"   0.002";"   0.041";"    9.73";"    0.97";"    0.38";"   0.003";"   0.023";"   0.016";"   0.006";"   0.017";"   0.016";"   0.001";"   0.002";"   0.002"
"94";"A018944";"2016JJ00";"     270";"    0.00";"    0.10";"   22.41";"    2.26";"    0.90";"    0.01";"    0.05";"    0.04";"    0.02";"    0.04";"    0.04";"    0.00";"    0.00";"    0.00";"     110";"   0.002";"   0.039";"    9.13";"    0.92";"    0.37";"   0.003";"   0.022";"   0.016";"   0.006";"   0.017";"   0.016";"   0.001";"   0.002";"   0.002"
"95";"A018944";"2017JJ00";"     268";"    0.00";"    0.09";"   21.13";"    2.17";"    0.86";"    0.01";"    0.05";"    0.04";"    0.02";"    0.04";"    0.04";"    0.00";"    0.00";"    0.00";"     108";"   0.002";"   0.037";"    8.53";"    0.87";"    0.35";"   0.003";"   0.022";"   0.015";"   0.006";"   0.016";"   0.015";"   0.001";"   0.002";"   0.002"
"96";"A018944";"2018JJ00";"     267";"    0.00";"    0.09";"   19.78";"    2.04";"    0.82";"    0.01";"    0.05";"    0.04";"    0.02";"    0.04";"    0.04";"    0.00";"    0.00";"    0.00";"     107";"   0.002";"   0.034";"    7.94";"    0.82";"    0.33";"   0.003";"   0.021";"   0.014";"   0.006";"   0.015";"   0.014";"   0.001";"   0.002";"   0.002"
"97";"A018944";"2019JJ00";"     269";"    0.01";"    0.08";"   18.69";"    1.96";"    0.78";"    0.01";"    0.05";"    0.03";"    0.02";"    0.04";"    0.03";"    0.00";"    0.01";"    0.00";"     106";"   0.002";"   0.032";"    7.36";"    0.77";"    0.31";"   0.003";"   0.020";"   0.013";"   0.006";"   0.014";"   0.013";"   0.001";"   0.002";"   0.002"
"98";"A018944";"2020JJ00";"     266";"    0.01";"    0.08";"   17.25";"    1.85";"    0.73";"    0.01";"    0.05";"    0.03";"    0.02";"    0.03";"    0.03";"    0.00";"    0.01";"    0.00";"     105";"   0.002";"   0.030";"    6.79";"    0.73";"    0.29";"   0.003";"   0.019";"   0.013";"   0.006";"   0.014";"   0.013";"   0.001";"   0.002";"   0.001"
"99";"A018944";"2021JJ00";"     263";"    0.01";"    0.07";"   15.85";"    1.73";"    0.67";"    0.01";"    0.05";"    0.03";"    0.02";"    0.03";"    0.03";"    0.00";"    0.01";"    0.00";"     103";"   0.002";"   0.027";"    6.24";"    0.68";"    0.26";"   0.002";"   0.018";"   0.012";"   0.006";"   0.013";"   0.012";"   0.001";"   0.002";"   0.001"
"100";"A018944";"2022JJ00";"     260";"    0.01";"    0.06";"   14.50";"    1.62";"    0.62";"    0.01";"    0.04";"    0.03";"    0.02";"    0.03";"    0.03";"    0.00";"    0.01";"    0.00";"     102";"   0.002";"   0.025";"    5.71";"    0.64";"    0.24";"   0.002";"   0.017";"   0.011";"   0.006";"   0.012";"   0.011";"   0.001";"   0.002";"   0.001"
"101";"A018944";"2023JJ00";"     258";"    0.01";"    0.06";"   13.32";"    1.53";"    0.57";"    0.01";"    0.04";"    0.03";"    0.02";"    0.03";"    0.03";"    0.00";"    0.01";"    0.00";"     101";"   0.002";"   0.023";"    5.24";"    0.60";"    0.22";"   0.002";"   0.017";"   0.010";"   0.006";"   0.011";"   0.010";"   0.001";"   0.002";"   0.001"
"102";"A018934";"1990JJ00";"     119";"    0.00";"    0.65";"   13.40";"   13.07";"    0.10";"    0.02";"    0.19";"    0.19";"    0.00";"    0.19";"    0.19";"    0.00";"    0.00";"    0.02";"       .";"       .";"       .";"       .";"       .";"       .";"       .";"       .";"       .";"       .";"       .";"       .";"       .";"       .";"       ."
"103";"A018934";"1991JJ00";"     120";"    0.00";"    0.65";"   13.50";"   13.18";"    0.10";"    0.02";"    0.19";"    0.19";"    0.00";"    0.19";"    0.19";"    0.00";"    0.00";"    0.02";"       .";"       .";"       .";"       .";"       .";"       .";"       .";"       .";"       .";"       .";"       .";"       .";"       .";"       .";"       ."
"104";"A018934";"1992JJ00";"     120";"    0.00";"    0.65";"   13.46";"   13.13";"    0.10";"    0.02";"    0.19";"    0.19";"    0.00";"    0.19";"    0.19";"    0.00";"    0.00";"    0.01";"       .";"       .";"       .";"       .";"       .";"       .";"       .";"       .";"       .";"       .";"       .";"       .";"       .";"       .";"       ."
"105";"A018934";"1993JJ00";"     118";"    0.00";"    0.64";"   13.20";"   12.89";"    0.10";"    0.02";"    0.19";"    0.18";"    0.00";"    0.18";"    0.18";"    0.00";"    0.00";"    0.01";"       .";"       .";"       .";"       .";"       .";"       .";"       .";"       .";"       .";"       .";"       .";"       .";"       .";"       .";"       ."
"106";"A018934";"1994JJ00";"     116";"    0.00";"    0.63";"   13.05";"   12.74";"    0.10";"    0.02";"    0.18";"    0.18";"    0.00";"    0.18";"    0.18";"    0.00";"    0.00";"    0.01";"       .";"       .";"       .";"       .";"       .";"       .";"       .";"       .";"       .";"       .";"       .";"       .";"       .";"       .";"       ."
"107";"A018934";"1995JJ00";"     115";"    0.00";"    0.62";"   12.86";"   12.56";"    0.09";"    0.02";"    0.18";"    0.18";"    0.00";"    0.18";"    0.18";"    0.00";"    0.00";"    0.01";"       .";"       .";"       .";"       .";"       .";"       .";"       .";"       .";"       .";"       .";"       .";"       .";"       .";"       .";"       ."
"108";"A018934";"1996JJ00";"     113";"    0.00";"    0.61";"   12.70";"   12.40";"    0.09";"    0.02";"    0.18";"    0.18";"    0.00";"    0.18";"    0.18";"    0.00";"    0.00";"    0.01";"       .";"       .";"       .";"       .";"       .";"       .";"       .";"       .";"       .";"       .";"       .";"       .";"       .";"       .";"       ."
"109";"A018934";"1997JJ00";"     113";"    0.00";"    0.61";"   12.71";"   12.41";"    0.10";"    0.02";"    0.18";"    0.18";"    0.00";"    0.18";"    0.18";"    0.00";"    0.00";"    0.01";"       .";"       .";"       .";"       .";"       .";"       .";"       .";"       .";"       .";"       .";"       .";"       .";"       .";"       .";"       ."
"110";"A018934";"1998JJ00";"     113";"    0.00";"    0.61";"   12.64";"   12.33";"    0.10";"    0.02";"    0.18";"    0.18";"    0.00";"    0.18";"    0.18";"    0.00";"    0.00";"    0.01";"       .";"       .";"       .";"       .";"       .";"       .";"       .";"       .";"       .";"       .";"       .";"       .";"       .";"       .";"       ."
"111";"A018934";"1999JJ00";"     110";"    0.00";"    0.58";"   12.13";"   11.67";"    0.10";"    0.02";"    0.17";"    0.17";"    0.00";"    0.17";"    0.17";"    0.00";"    0.00";"    0.01";"       .";"       .";"       .";"       .";"       .";"       .";"       .";"       .";"       .";"       .";"       .";"       .";"       .";"       .";"       ."
"112";"A018934";"2000JJ00";"     105";"    0.00";"    0.52";"   11.24";"   10.51";"    0.10";"    0.02";"    0.15";"    0.15";"    0.00";"    0.15";"    0.15";"    0.00";"    0.00";"    0.01";"       .";"       .";"       .";"       .";"       .";"       .";"       .";"       .";"       .";"       .";"       .";"       .";"       .";"       .";"       ."
"113";"A018934";"2001JJ00";"     100";"    0.00";"    0.47";"   10.52";"    9.58";"    0.10";"    0.01";"    0.14";"    0.14";"    0.00";"    0.14";"    0.14";"    0.00";"    0.00";"    0.00";"       .";"       .";"       .";"       .";"       .";"       .";"       .";"       .";"       .";"       .";"       .";"       .";"       .";"       .";"       ."
"114";"A018934";"2002JJ00";"      95";"    0.00";"    0.43";"    9.85";"    8.78";"    0.09";"    0.01";"    0.14";"    0.13";"    0.00";"    0.13";"    0.13";"    0.00";"    0.00";"    0.00";"       .";"       .";"       .";"       .";"       .";"       .";"       .";"       .";"       .";"       .";"       .";"       .";"       .";"       .";"       ."
"115";"A018934";"2003JJ00";"      89";"    0.00";"    0.39";"    9.15";"    8.03";"    0.09";"    0.01";"    0.13";"    0.13";"    0.00";"    0.13";"    0.13";"    0.00";"    0.00";"    0.00";"       .";"       .";"       .";"       .";"       .";"       .";"       .";"       .";"       .";"       .";"       .";"       .";"       .";"       .";"       ."
"116";"A018934";"2004JJ00";"      76";"    0.00";"    0.33";"    7.81";"    6.75";"    0.08";"    0.01";"    0.11";"    0.11";"    0.00";"    0.11";"    0.11";"    0.00";"    0.00";"    0.00";"     104";"   0.001";"   0.451";"   10.65";"    9.21";"    0.11";"   0.016";"   0.154";"   0.152";"   0.003";"   0.152";"   0.152";"   0.000";"   0.001";"   0.002"
"117";"A018934";"2005JJ00";"      75";"    0.00";"    0.32";"    7.72";"    6.58";"    0.08";"    0.01";"    0.11";"    0.11";"    0.00";"    0.11";"    0.11";"    0.00";"    0.00";"    0.00";"     101";"   0.001";"   0.430";"   10.32";"    8.80";"    0.10";"   0.016";"   0.153";"   0.150";"   0.003";"   0.151";"   0.150";"   0.000";"   0.001";"   0.001"
"118";"A018934";"2006JJ00";"      76";"    0.00";"    0.32";"    7.78";"    6.53";"    0.08";"    0.01";"    0.12";"    0.12";"    0.00";"    0.12";"    0.12";"    0.00";"    0.00";"    0.00";"      97";"   0.001";"   0.409";"    9.98";"    8.37";"    0.10";"   0.016";"   0.152";"   0.149";"   0.003";"   0.149";"   0.149";"   0.000";"   0.001";"   0.001"
"119";"A018934";"2007JJ00";"      81";"    0.00";"    0.33";"    8.29";"    6.82";"    0.08";"    0.01";"    0.13";"    0.13";"    0.00";"    0.13";"    0.13";"    0.00";"    0.00";"    0.00";"      94";"   0.001";"   0.386";"    9.61";"    7.91";"    0.09";"   0.015";"   0.151";"   0.148";"   0.003";"   0.148";"   0.148";"   0.000";"   0.001";"   0.001"
"120";"A018934";"2008JJ00";"      88";"    0.00";"    0.35";"    9.03";"    7.27";"    0.09";"    0.01";"    0.15";"    0.14";"    0.00";"    0.14";"    0.14";"    0.00";"    0.00";"    0.00";"      90";"   0.001";"   0.360";"    9.19";"    7.39";"    0.09";"   0.015";"   0.149";"   0.146";"   0.003";"   0.146";"   0.146";"   0.000";"   0.001";"   0.001"
"121";"A018934";"2009JJ00";"      98";"    0.00";"    0.36";"   10.55";"    7.47";"    0.11";"    0.02";"    0.15";"    0.15";"    0.00";"    0.15";"    0.15";"    0.00";"    0.00";"    0.00";"      85";"   0.001";"   0.315";"    9.17";"    6.49";"    0.09";"   0.014";"   0.133";"   0.130";"   0.003";"   0.130";"   0.130";"   0.000";"   0.001";"   0.001"
"122";"A018934";"2010JJ00";"      90";"    0.00";"    0.29";"   10.67";"    6.08";"    0.12";"    0.01";"    0.12";"    0.12";"    0.00";"    0.12";"    0.12";"    0.00";"    0.00";"    0.00";"      79";"   0.001";"   0.258";"    9.37";"    5.34";"    0.10";"   0.011";"   0.107";"   0.104";"   0.003";"   0.105";"   0.104";"   0.000";"   0.001";"   0.001"
"123";"A018934";"2011JJ00";"      91";"    0.00";"    0.27";"   11.51";"    5.52";"    0.13";"    0.01";"    0.11";"    0.10";"    0.00";"    0.10";"    0.10";"    0.00";"    0.00";"    0.00";"      76";"   0.001";"   0.221";"    9.60";"    4.60";"    0.11";"   0.009";"   0.089";"   0.086";"   0.003";"   0.087";"   0.086";"   0.000";"   0.001";"   0.001"
"124";"A018934";"2012JJ00";"      89";"    0.00";"    0.24";"   11.89";"    4.97";"    0.14";"    0.01";"    0.09";"    0.09";"    0.00";"    0.09";"    0.09";"    0.00";"    0.00";"    0.00";"      73";"   0.001";"   0.195";"    9.75";"    4.08";"    0.11";"   0.008";"   0.077";"   0.074";"   0.003";"   0.074";"   0.074";"   0.000";"   0.001";"   0.001"
"125";"A018934";"2013JJ00";"      86";"    0.00";"    0.21";"   11.96";"    4.47";"    0.14";"    0.01";"    0.08";"    0.08";"    0.00";"    0.08";"    0.08";"    0.00";"    0.00";"    0.00";"      71";"   0.001";"   0.175";"    9.86";"    3.69";"    0.11";"   0.007";"   0.067";"   0.064";"   0.003";"   0.065";"   0.064";"   0.000";"   0.001";"   0.001"
"126";"A018934";"2014JJ00";"      85";"    0.00";"    0.20";"   12.17";"    4.16";"    0.14";"    0.01";"    0.07";"    0.07";"    0.00";"    0.07";"    0.07";"    0.00";"    0.00";"    0.00";"      70";"   0.001";"   0.161";"    9.94";"    3.40";"    0.12";"   0.006";"   0.060";"   0.057";"   0.003";"   0.058";"   0.057";"   0.000";"   0.001";"   0.001"
"127";"A018934";"2015JJ00";"      83";"    0.00";"    0.18";"   12.20";"    3.78";"    0.14";"    0.01";"    0.06";"    0.06";"    0.00";"    0.06";"    0.06";"    0.00";"    0.00";"    0.00";"      68";"   0.001";"   0.146";"    9.99";"    3.10";"    0.12";"   0.006";"   0.053";"   0.050";"   0.003";"   0.050";"   0.050";"   0.000";"   0.001";"   0.001"
"128";"A018934";"2016JJ00";"      82";"    0.00";"    0.16";"   12.33";"    3.47";"    0.15";"    0.01";"    0.06";"    0.05";"    0.00";"    0.05";"    0.05";"    0.00";"    0.00";"    0.00";"      67";"   0.001";"   0.132";"   10.05";"    2.83";"    0.12";"   0.005";"   0.046";"   0.043";"   0.003";"   0.044";"   0.043";"   0.000";"   0.001";"   0.001"
"129";"A018934";"2017JJ00";"      83";"    0.00";"    0.15";"   12.81";"    3.33";"    0.15";"    0.01";"    0.05";"    0.05";"    0.00";"    0.05";"    0.05";"    0.00";"    0.00";"    0.00";"      66";"   0.001";"   0.122";"   10.11";"    2.63";"    0.12";"   0.004";"   0.041";"   0.038";"   0.003";"   0.038";"   0.038";"   0.000";"   0.001";"   0.001"
"130";"A018934";"2018JJ00";"      81";"    0.00";"    0.14";"   12.87";"    3.00";"    0.16";"    0.00";"    0.04";"    0.04";"    0.00";"    0.04";"    0.04";"    0.00";"    0.00";"    0.00";"      64";"   0.001";"   0.109";"   10.15";"    2.37";"    0.12";"   0.004";"   0.035";"   0.032";"   0.003";"   0.032";"   0.032";"   0.000";"   0.001";"   0.001"
"131";"A018934";"2019JJ00";"      78";"    0.00";"    0.12";"   12.06";"    2.71";"    0.15";"    0.00";"    0.04";"    0.03";"    0.00";"    0.04";"    0.03";"    0.00";"    0.00";"    0.00";"      62";"   0.001";"   0.099";"    9.62";"    2.16";"    0.12";"   0.003";"   0.031";"   0.028";"   0.003";"   0.028";"   0.028";"   0.000";"   0.001";"   0.001"
"132";"A018934";"2020JJ00";"      75";"    0.00";"    0.11";"   10.85";"    2.45";"    0.14";"    0.00";"    0.03";"    0.03";"    0.00";"    0.03";"    0.03";"    0.00";"    0.00";"    0.00";"      58";"   0.001";"   0.086";"    8.47";"    1.91";"    0.11";"   0.003";"   0.026";"   0.023";"   0.003";"   0.024";"   0.023";"   0.000";"   0.001";"   0.001"
"133";"A018934";"2021JJ00";"      73";"    0.00";"    0.10";"    9.85";"    2.30";"    0.13";"    0.00";"    0.03";"    0.03";"    0.00";"    0.03";"    0.03";"    0.00";"    0.00";"    0.00";"      55";"   0.001";"   0.078";"    7.44";"    1.74";"    0.10";"   0.002";"   0.024";"   0.021";"   0.003";"   0.021";"   0.021";"   0.000";"   0.001";"   0.001"
"134";"A018934";"2022JJ00";"      67";"    0.00";"    0.08";"    8.63";"    1.92";"    0.11";"    0.00";"    0.03";"    0.02";"    0.00";"    0.02";"    0.02";"    0.00";"    0.00";"    0.00";"      52";"   0.001";"   0.066";"    6.67";"    1.49";"    0.09";"   0.002";"   0.020";"   0.017";"   0.003";"   0.018";"   0.017";"   0.000";"   0.001";"   0.001"
"135";"A018934";"2023JJ00";"      62";"    0.00";"    0.07";"    7.56";"    1.68";"    0.10";"    0.00";"    0.02";"    0.02";"    0.00";"    0.02";"    0.02";"    0.00";"    0.00";"    0.00";"      48";"   0.001";"   0.057";"    5.88";"    1.30";"    0.08";"   0.002";"   0.018";"   0.015";"   0.003";"   0.015";"   0.015";"   0.000";"   0.001";"   0.001"
"136";"A051769";"1990JJ00";"    2195";"    0.00";"    0.48";"   46.91";"   11.77";"   20.71";"    2.02";"    3.90";"    3.73";"    0.17";"    3.76";"    3.73";"    0.03";"    0.02";"    1.82";"       .";"       .";"       .";"       .";"       .";"       .";"       .";"       .";"       .";"       .";"       .";"       .";"       .";"       .";"       ."
"137";"A051769";"1991JJ00";"    2246";"    0.01";"    0.45";"   43.54";"   10.89";"   21.54";"    1.93";"    3.73";"    3.55";"    0.18";"    3.58";"    3.55";"    0.03";"    0.02";"    1.92";"       .";"       .";"       .";"       .";"       .";"       .";"       .";"       .";"       .";"       .";"       .";"       .";"       .";"       .";"       ."
"138";"A051769";"1992JJ00";"    2453";"    0.02";"    0.42";"   41.98";"    9.68";"   22.16";"    1.90";"    3.64";"    3.44";"    0.20";"    3.47";"    3.44";"    0.03";"    0.03";"    2.14";"       .";"       .";"       .";"       .";"       .";"       .";"       .";"       .";"       .";"       .";"       .";"       .";"       .";"       .";"       ."
"139";"A051769";"1993JJ00";"    2675";"    0.03";"    0.38";"   40.52";"    8.63";"   22.03";"    1.81";"    3.43";"    3.22";"    0.21";"    3.26";"    3.22";"    0.04";"    0.04";"    2.38";"       .";"       .";"       .";"       .";"       .";"       .";"       .";"       .";"       .";"       .";"       .";"       .";"       .";"       .";"       ."
"140";"A051769";"1994JJ00";"    2724";"    0.04";"    0.32";"   35.91";"    7.20";"   20.20";"    1.63";"    3.03";"    2.82";"    0.21";"    2.86";"    2.82";"    0.03";"    0.05";"    2.40";"       .";"       .";"       .";"       .";"       .";"       .";"       .";"       .";"       .";"       .";"       .";"       .";"       .";"       .";"       ."
"141";"A051769";"1995JJ00";"    2733";"    0.05";"    0.26";"   31.15";"    5.89";"   18.43";"    1.47";"    2.68";"    2.48";"    0.20";"    2.51";"    2.48";"    0.03";"    0.05";"    2.24";"       .";"       .";"       .";"       .";"       .";"       .";"       .";"       .";"       .";"       .";"       .";"       .";"       .";"       .";"       ."
"142";"A051769";"1996JJ00";"    2834";"    0.06";"    0.22";"   26.97";"    4.87";"   17.28";"    1.39";"    2.48";"    2.28";"    0.21";"    2.31";"    2.28";"    0.03";"    0.06";"    1.76";"       .";"       .";"       .";"       .";"       .";"       .";"       .";"       .";"       .";"       .";"       .";"       .";"       .";"       .";"       ."
"143";"A051769";"1997JJ00";"    3041";"    0.07";"    0.18";"   23.59";"    4.13";"   16.73";"    1.40";"    2.41";"    2.19";"    0.21";"    2.23";"    2.19";"    0.04";"    0.07";"    0.81";"       .";"       .";"       .";"       .";"       .";"       .";"       .";"       .";"       .";"       .";"       .";"       .";"       .";"       .";"       ."
"144";"A051769";"1998JJ00";"    3320";"    0.07";"    0.16";"   20.78";"    3.59";"   16.84";"    1.45";"    2.42";"    2.20";"    0.23";"    2.23";"    2.20";"    0.04";"    0.08";"    0.90";"       .";"       .";"       .";"       .";"       .";"       .";"       .";"       .";"       .";"       .";"       .";"       .";"       .";"       .";"       ."
"145";"A051769";"1999JJ00";"    3653";"    0.08";"    0.14";"   18.42";"    3.28";"   17.57";"    1.56";"    2.52";"    2.28";"    0.24";"    2.32";"    2.28";"    0.04";"    0.08";"    1.01";"       .";"       .";"       .";"       .";"       .";"       .";"       .";"       .";"       .";"       .";"       .";"       .";"       .";"       .";"       ."
"146";"A051769";"2000JJ00";"    3693";"    0.09";"    0.14";"   16.42";"    3.01";"   18.67";"    1.68";"    2.66";"    2.40";"    0.26";"    2.44";"    2.40";"    0.04";"    0.09";"    0.60";"       .";"       .";"       .";"       .";"       .";"       .";"       .";"       .";"       .";"       .";"       .";"       .";"       .";"       .";"       ."
"147";"A051769";"2001JJ00";"    3955";"    0.09";"    0.14";"   14.62";"    2.70";"   19.24";"    1.71";"    2.67";"    2.39";"    0.28";"    2.44";"    2.39";"    0.05";"    0.08";"    0.10";"       .";"       .";"       .";"       .";"       .";"       .";"       .";"       .";"       .";"       .";"       .";"       .";"       .";"       .";"       ."
"148";"A051769";"2002JJ00";"    4014";"    0.09";"    0.13";"   12.89";"    2.42";"   19.12";"    1.64";"    2.55";"    2.26";"    0.28";"    2.31";"    2.26";"    0.05";"    0.08";"    0.08";"       .";"       .";"       .";"       .";"       .";"       .";"       .";"       .";"       .";"       .";"       .";"       .";"       .";"       .";"       ."
"149";"A051769";"2003JJ00";"    4115";"    0.09";"    0.12";"   11.27";"    2.03";"   18.82";"    1.57";"    2.42";"    2.13";"    0.29";"    2.18";"    2.13";"    0.05";"    0.08";"    0.07";"       .";"       .";"       .";"       .";"       .";"       .";"       .";"       .";"       .";"       .";"       .";"       .";"       .";"       .";"       ."
"150";"A051769";"2004JJ00";"    4290";"    0.09";"    0.11";"   10.53";"    1.87";"   19.19";"    1.55";"    2.38";"    2.08";"    0.30";"    2.13";"    2.08";"    0.05";"    0.09";"    0.09";"     244";"   0.005";"   0.006";"    0.60";"    0.11";"    1.09";"   0.088";"   0.135";"   0.118";"   0.017";"   0.121";"   0.118";"   0.003";"   0.005";"   0.005"
"151";"A051769";"2005JJ00";"    4145";"    0.09";"    0.10";"    8.65";"    1.56";"   18.99";"    1.43";"    2.19";"    1.89";"    0.30";"    1.94";"    1.89";"    0.05";"    0.08";"    0.02";"     233";"   0.005";"   0.006";"    0.49";"    0.09";"    1.07";"   0.080";"   0.123";"   0.106";"   0.017";"   0.109";"   0.106";"   0.003";"   0.004";"   0.001"
"152";"A051769";"2006JJ00";"    3868";"    0.09";"    0.09";"    7.06";"    1.26";"   18.25";"    1.25";"    1.92";"    1.64";"    0.28";"    1.68";"    1.64";"    0.05";"    0.07";"    0.03";"     225";"   0.005";"   0.005";"    0.41";"    0.07";"    1.06";"   0.073";"   0.112";"   0.095";"   0.017";"   0.098";"   0.095";"   0.003";"   0.004";"   0.002"
"153";"A051769";"2007JJ00";"    3804";"    0.09";"    0.08";"    6.00";"    1.05";"   18.53";"    1.15";"    1.76";"    1.47";"    0.29";"    1.52";"    1.47";"    0.05";"    0.07";"    0.03";"     218";"   0.005";"   0.004";"    0.34";"    0.06";"    1.06";"   0.066";"   0.101";"   0.084";"   0.016";"   0.087";"   0.084";"   0.003";"   0.004";"   0.002"
"154";"A051769";"2008JJ00";"    3732";"    0.09";"    0.07";"    5.09";"    0.86";"   18.82";"    1.04";"    1.59";"    1.30";"    0.29";"    1.35";"    1.30";"    0.05";"    0.07";"    0.02";"     210";"   0.005";"   0.004";"    0.29";"    0.05";"    1.06";"   0.059";"   0.090";"   0.073";"   0.016";"   0.076";"   0.073";"   0.003";"   0.004";"   0.001"
"155";"A051769";"2009JJ00";"    3507";"    0.09";"    0.06";"    4.23";"    0.66";"   18.35";"    0.89";"    1.36";"    1.08";"    0.28";"    1.12";"    1.08";"    0.05";"    0.07";"    0.02";"     202";"   0.005";"   0.003";"    0.24";"    0.04";"    1.06";"   0.051";"   0.078";"   0.062";"   0.016";"   0.065";"   0.062";"   0.003";"   0.004";"   0.001"
"156";"A051769";"2010JJ00";"    3480";"    0.09";"    0.07";"    3.90";"    0.65";"   18.25";"    0.80";"    1.25";"    0.97";"    0.28";"    1.02";"    0.97";"    0.05";"    0.07";"    0.02";"     202";"   0.005";"   0.004";"    0.23";"    0.04";"    1.06";"   0.047";"   0.073";"   0.057";"   0.016";"   0.059";"   0.057";"   0.003";"   0.004";"   0.001"
"157";"A051769";"2011JJ00";"    3447";"    0.08";"    0.10";"    3.52";"    0.72";"   18.15";"    0.69";"    1.12";"    0.84";"    0.28";"    0.88";"    0.84";"    0.05";"    0.06";"    0.02";"     203";"   0.005";"   0.006";"    0.21";"    0.04";"    1.07";"   0.041";"   0.066";"   0.049";"   0.016";"   0.052";"   0.049";"   0.003";"   0.004";"   0.001"
"158";"A051769";"2012JJ00";"    3381";"    0.08";"    0.13";"    3.14";"    0.78";"   17.90";"    0.59";"    0.99";"    0.72";"    0.27";"    0.76";"    0.72";"    0.05";"    0.06";"    0.02";"     204";"   0.005";"   0.008";"    0.19";"    0.05";"    1.08";"   0.035";"   0.060";"   0.043";"   0.017";"   0.046";"   0.043";"   0.003";"   0.004";"   0.001"
"159";"A051769";"2013JJ00";"    3323";"    0.08";"    0.14";"    2.97";"    0.83";"   17.62";"    0.51";"    0.89";"    0.62";"    0.27";"    0.67";"    0.62";"    0.05";"    0.06";"    0.02";"     205";"   0.005";"   0.009";"    0.18";"    0.05";"    1.09";"   0.031";"   0.055";"   0.038";"   0.017";"   0.041";"   0.038";"   0.003";"   0.004";"   0.001"
"160";"A051769";"2014JJ00";"    3329";"    0.08";"    0.16";"    2.79";"    0.88";"   17.64";"    0.45";"    0.83";"    0.55";"    0.27";"    0.60";"    0.55";"    0.05";"    0.06";"    0.02";"     205";"   0.005";"   0.010";"    0.17";"    0.05";"    1.09";"   0.028";"   0.051";"   0.034";"   0.017";"   0.037";"   0.034";"   0.003";"   0.004";"   0.001"
"161";"A051769";"2015JJ00";"    3385";"    0.08";"    0.18";"    2.67";"    0.93";"   17.88";"    0.40";"    0.78";"    0.50";"    0.28";"    0.54";"    0.50";"    0.05";"    0.06";"    0.02";"     206";"   0.005";"   0.011";"    0.16";"    0.06";"    1.09";"   0.025";"   0.047";"   0.030";"   0.017";"   0.033";"   0.030";"   0.003";"   0.004";"   0.001"
"162";"A051769";"2016JJ00";"    3512";"    0.09";"    0.20";"    2.70";"    1.01";"   17.95";"    0.36";"    0.74";"    0.45";"    0.29";"    0.50";"    0.45";"    0.05";"    0.06";"    0.02";"     206";"   0.005";"   0.012";"    0.16";"    0.06";"    1.05";"   0.021";"   0.043";"   0.026";"   0.017";"   0.029";"   0.026";"   0.003";"   0.004";"   0.001"
"163";"A051769";"2017JJ00";"    3626";"    0.09";"    0.22";"    2.78";"    1.08";"   16.95";"    0.33";"    0.71";"    0.41";"    0.30";"    0.46";"    0.41";"    0.05";"    0.07";"    0.03";"     206";"   0.005";"   0.013";"    0.16";"    0.06";"    0.96";"   0.019";"   0.041";"   0.023";"   0.017";"   0.026";"   0.023";"   0.003";"   0.004";"   0.001"
"164";"A051769";"2018JJ00";"    3739";"    0.09";"    0.24";"    2.91";"    1.13";"   16.69";"    0.32";"    0.71";"    0.40";"    0.31";"    0.45";"    0.40";"    0.05";"    0.07";"    0.03";"     206";"   0.005";"   0.013";"    0.16";"    0.06";"    0.92";"   0.018";"   0.039";"   0.022";"   0.017";"   0.025";"   0.022";"   0.003";"   0.004";"   0.001"
"165";"A051769";"2019JJ00";"    3836";"    0.10";"    0.26";"    2.90";"    1.19";"   15.42";"    0.26";"    0.65";"    0.33";"    0.32";"    0.38";"    0.33";"    0.05";"    0.08";"    0.03";"     206";"   0.005";"   0.014";"    0.16";"    0.06";"    0.83";"   0.014";"   0.035";"   0.018";"   0.017";"   0.021";"   0.018";"   0.003";"   0.004";"   0.001"
"166";"A051769";"2020JJ00";"    3727";"    0.10";"    0.25";"    2.89";"    1.14";"   12.72";"    0.20";"    0.58";"    0.26";"    0.32";"    0.31";"    0.26";"    0.05";"    0.10";"    0.03";"     207";"   0.005";"   0.014";"    0.16";"    0.06";"    0.70";"   0.011";"   0.032";"   0.014";"   0.018";"   0.017";"   0.014";"   0.003";"   0.006";"   0.001"
"167";"A051769";"2021JJ00";"    3890";"    0.11";"    0.25";"    3.42";"    1.16";"   12.07";"    0.18";"    0.57";"    0.23";"    0.34";"    0.29";"    0.23";"    0.06";"    0.15";"    0.03";"     207";"   0.006";"   0.013";"    0.18";"    0.06";"    0.64";"   0.010";"   0.030";"   0.012";"   0.018";"   0.015";"   0.012";"   0.003";"   0.008";"   0.001"
"168";"A051769";"2022JJ00";"    3991";"    0.12";"    0.24";"    3.83";"    1.11";"   11.14";"    0.15";"    0.55";"    0.20";"    0.35";"    0.26";"    0.20";"    0.06";"    0.18";"    0.03";"     207";"   0.006";"   0.012";"    0.20";"    0.06";"    0.58";"   0.008";"   0.029";"   0.010";"   0.018";"   0.013";"   0.010";"   0.003";"   0.009";"   0.001"
"169";"A051769";"2023JJ00";"    3958";"    0.12";"    0.22";"    4.12";"    1.03";"    9.90";"    0.13";"    0.52";"    0.17";"    0.35";"    0.23";"    0.17";"    0.06";"    0.18";"    0.03";"     206";"   0.006";"   0.012";"    0.21";"    0.05";"    0.52";"   0.007";"   0.027";"   0.009";"   0.018";"   0.012";"   0.009";"   0.003";"   0.009";"   0.001"
"170";"A051770";"1990JJ00";"    5446";"    0.06";"    0.36";"   21.68";"    9.36";"   84.01";"    2.24";"    4.88";"    4.43";"    0.45";"    4.51";"    4.43";"    0.08";"    0.02";"    5.65";"       .";"       .";"       .";"       .";"       .";"       .";"       .";"       .";"       .";"       .";"       .";"       .";"       .";"       .";"       ."
"171";"A051770";"1991JJ00";"    5666";"    0.07";"    0.39";"   22.70";"    9.92";"   86.74";"    2.39";"    5.19";"    4.72";"    0.47";"    4.80";"    4.72";"    0.08";"    0.02";"    5.95";"       .";"       .";"       .";"       .";"       .";"       .";"       .";"       .";"       .";"       .";"       .";"       .";"       .";"       .";"       ."
"172";"A051770";"1992JJ00";"    5917";"    0.07";"    0.38";"   23.08";"    9.85";"   88.05";"    2.40";"    5.19";"    4.69";"    0.50";"    4.78";"    4.69";"    0.08";"    0.02";"    6.22";"       .";"       .";"       .";"       .";"       .";"       .";"       .";"       .";"       .";"       .";"       .";"       .";"       .";"       .";"       ."
"173";"A051770";"1993JJ00";"    5819";"    0.07";"    0.35";"   21.78";"    9.13";"   83.23";"    2.26";"    4.84";"    4.35";"    0.49";"    4.43";"    4.35";"    0.08";"    0.02";"    6.11";"       .";"       .";"       .";"       .";"       .";"       .";"       .";"       .";"       .";"       .";"       .";"       .";"       .";"       .";"       ."
"174";"A051770";"1994JJ00";"    5746";"    0.07";"    0.33";"   20.60";"    8.65";"   78.71";"    2.17";"    4.60";"    4.10";"    0.49";"    4.19";"    4.10";"    0.08";"    0.02";"    5.86";"       .";"       .";"       .";"       .";"       .";"       .";"       .";"       .";"       .";"       .";"       .";"       .";"       .";"       .";"       ."
"175";"A051770";"1995JJ00";"    5895";"    0.07";"    0.31";"   19.61";"    8.14";"   76.80";"    2.08";"    4.34";"    3.83";"    0.51";"    3.92";"    3.83";"    0.09";"    0.02";"    5.50";"       .";"       .";"       .";"       .";"       .";"       .";"       .";"       .";"       .";"       .";"       .";"       .";"       .";"       .";"       ."
"176";"A051770";"1996JJ00";"    5779";"    0.07";"    0.28";"   17.75";"    7.34";"   72.12";"    1.88";"    3.88";"    3.38";"    0.50";"    3.47";"    3.38";"    0.08";"    0.02";"    4.00";"       .";"       .";"       .";"       .";"       .";"       .";"       .";"       .";"       .";"       .";"       .";"       .";"       .";"       .";"       ."
"177";"A051770";"1997JJ00";"    5776";"    0.07";"    0.25";"   16.27";"    6.65";"   69.55";"    1.69";"    3.49";"    2.98";"    0.50";"    3.07";"    2.98";"    0.09";"    0.02";"    1.68";"       .";"       .";"       .";"       .";"       .";"       .";"       .";"       .";"       .";"       .";"       .";"       .";"       .";"       .";"       ."
"178";"A051770";"1998JJ00";"    5797";"    0.07";"    0.23";"   15.02";"    6.19";"   67.74";"    1.54";"    3.17";"    2.66";"    0.51";"    2.75";"    2.66";"    0.09";"    0.02";"    1.69";"       .";"       .";"       .";"       .";"       .";"       .";"       .";"       .";"       .";"       .";"       .";"       .";"       .";"       .";"       ."
"179";"A051770";"1999JJ00";"    6137";"    0.08";"    0.22";"   14.80";"    6.05";"   70.22";"    1.48";"    3.05";"    2.51";"    0.54";"    2.61";"    2.51";"    0.09";"    0.02";"    1.79";"       .";"       .";"       .";"       .";"       .";"       .";"       .";"       .";"       .";"       .";"       .";"       .";"       .";"       .";"       ."
"180";"A051770";"2000JJ00";"    5983";"    0.08";"    0.20";"   13.72";"    5.62";"   67.82";"    1.32";"    2.74";"    2.21";"    0.53";"    2.30";"    2.21";"    0.09";"    0.02";"    1.01";"       .";"       .";"       .";"       .";"       .";"       .";"       .";"       .";"       .";"       .";"       .";"       .";"       .";"       .";"       ."
"181";"A051770";"2001JJ00";"    5830";"    0.07";"    0.19";"   13.12";"    5.35";"   66.00";"    1.21";"    2.53";"    2.02";"    0.51";"    2.10";"    2.02";"    0.09";"    0.02";"    0.15";"       .";"       .";"       .";"       .";"       .";"       .";"       .";"       .";"       .";"       .";"       .";"       .";"       .";"       .";"       ."
"182";"A051770";"2002JJ00";"    5800";"    0.07";"    0.17";"   12.60";"    4.99";"   64.54";"    1.09";"    2.28";"    1.76";"    0.51";"    1.85";"    1.76";"    0.09";"    0.02";"    0.12";"       .";"       .";"       .";"       .";"       .";"       .";"       .";"       .";"       .";"       .";"       .";"       .";"       .";"       .";"       ."
"183";"A051770";"2003JJ00";"    5769";"    0.07";"    0.16";"   12.44";"    4.77";"   63.91";"    1.01";"    2.12";"    1.61";"    0.51";"    1.70";"    1.61";"    0.09";"    0.02";"    0.11";"       .";"       .";"       .";"       .";"       .";"       .";"       .";"       .";"       .";"       .";"       .";"       .";"       .";"       .";"       ."
"184";"A051770";"2004JJ00";"    5791";"    0.07";"    0.16";"   12.54";"    4.65";"   64.26";"    0.96";"    2.04";"    1.52";"    0.52";"    1.61";"    1.52";"    0.09";"    0.02";"    0.12";"     857";"   0.010";"   0.024";"    1.86";"    0.69";"    9.51";"   0.142";"   0.301";"   0.225";"   0.077";"   0.238";"   0.225";"   0.013";"   0.003";"   0.018"
"185";"A051770";"2005JJ00";"    5772";"    0.10";"    0.14";"   12.72";"    4.29";"   60.25";"    0.83";"    1.82";"    1.31";"    0.51";"    1.40";"    1.31";"    0.09";"    0.03";"    0.03";"     839";"   0.015";"   0.021";"    1.85";"    0.62";"    8.75";"   0.120";"   0.265";"   0.190";"   0.075";"   0.203";"   0.190";"   0.013";"   0.005";"   0.005"
"186";"A051770";"2006JJ00";"    5962";"    0.14";"    0.14";"   13.54";"    4.10";"   58.32";"    0.72";"    1.67";"    1.14";"    0.53";"    1.23";"    1.14";"    0.09";"    0.04";"    0.04";"     846";"   0.020";"   0.019";"    1.92";"    0.58";"    8.28";"   0.102";"   0.238";"   0.162";"   0.075";"   0.175";"   0.162";"   0.013";"   0.006";"   0.006"
"187";"A051770";"2007JJ00";"    6180";"    0.18";"    0.12";"   14.37";"    3.86";"   56.39";"    0.61";"    1.52";"    0.97";"    0.55";"    1.07";"    0.97";"    0.09";"    0.06";"    0.04";"     853";"   0.025";"   0.017";"    1.98";"    0.53";"    7.78";"   0.084";"   0.210";"   0.134";"   0.076";"   0.147";"   0.134";"   0.013";"   0.008";"   0.006"
"188";"A051770";"2008JJ00";"    6389";"    0.22";"    0.11";"   15.19";"    3.60";"   54.05";"    0.49";"    1.35";"    0.79";"    0.56";"    0.88";"    0.79";"    0.10";"    0.07";"    0.04";"     861";"   0.030";"   0.015";"    2.05";"    0.49";"    7.28";"   0.066";"   0.182";"   0.106";"   0.076";"   0.119";"   0.106";"   0.013";"   0.009";"   0.006"
"189";"A051770";"2009JJ00";"    6363";"    0.26";"    0.10";"   15.46";"    3.19";"   49.74";"    0.35";"    1.13";"    0.57";"    0.56";"    0.67";"    0.57";"    0.10";"    0.08";"    0.04";"     867";"   0.035";"   0.013";"    2.11";"    0.43";"    6.77";"   0.048";"   0.154";"   0.078";"   0.077";"   0.091";"   0.078";"   0.013";"   0.011";"   0.006"
"190";"A051770";"2010JJ00";"    6341";"    0.28";"    0.11";"   14.39";"    3.44";"   46.63";"    0.31";"    1.07";"    0.51";"    0.56";"    0.60";"    0.51";"    0.09";"    0.09";"    0.04";"     868";"   0.038";"   0.015";"    1.97";"    0.47";"    6.39";"   0.043";"   0.146";"   0.070";"   0.076";"   0.083";"   0.070";"   0.013";"   0.012";"   0.006"
"191";"A051770";"2011JJ00";"    6307";"    0.30";"    0.12";"   13.49";"    3.68";"   43.71";"    0.27";"    1.01";"    0.45";"    0.56";"    0.55";"    0.45";"    0.09";"    0.09";"    0.04";"     870";"   0.041";"   0.017";"    1.86";"    0.51";"    6.03";"   0.037";"   0.139";"   0.062";"   0.077";"   0.075";"   0.062";"   0.013";"   0.013";"   0.005"
"192";"A051770";"2012JJ00";"    6226";"    0.31";"    0.13";"   12.63";"    3.91";"   41.02";"    0.24";"    0.95";"    0.41";"    0.55";"    0.50";"    0.41";"    0.09";"    0.10";"    0.04";"     873";"   0.044";"   0.018";"    1.77";"    0.55";"    5.75";"   0.033";"   0.134";"   0.057";"   0.077";"   0.070";"   0.057";"   0.013";"   0.014";"   0.005"
"193";"A051770";"2013JJ00";"    5886";"    0.30";"    0.14";"   11.18";"    4.12";"   36.20";"    0.21";"    0.88";"    0.36";"    0.52";"    0.45";"    0.36";"    0.09";"    0.15";"    0.04";"     874";"   0.045";"   0.021";"    1.66";"    0.61";"    5.37";"   0.031";"   0.130";"   0.054";"   0.077";"   0.067";"   0.054";"   0.013";"   0.022";"   0.006"
"194";"A051770";"2014JJ00";"    5860";"    0.31";"    0.15";"   10.12";"    4.28";"   33.41";"    0.19";"    0.85";"    0.34";"    0.52";"    0.43";"    0.34";"    0.09";"    0.21";"    0.04";"     871";"   0.045";"   0.022";"    1.50";"    0.64";"    4.97";"   0.028";"   0.127";"   0.050";"   0.077";"   0.063";"   0.050";"   0.013";"   0.031";"   0.005"
"195";"A051770";"2015JJ00";"    6095";"    0.32";"    0.16";"    9.35";"    4.53";"   32.20";"    0.18";"    0.86";"    0.33";"    0.54";"    0.42";"    0.33";"    0.09";"    0.28";"    0.04";"     868";"   0.046";"   0.023";"    1.33";"    0.64";"    4.59";"   0.026";"   0.123";"   0.046";"   0.077";"   0.059";"   0.046";"   0.013";"   0.040";"   0.005"
"196";"A051770";"2016JJ00";"    6443";"    0.35";"    0.17";"    8.92";"    4.83";"   31.77";"    0.17";"    0.89";"    0.32";"    0.57";"    0.42";"    0.32";"    0.10";"    0.35";"    0.04";"     867";"   0.047";"   0.023";"    1.20";"    0.65";"    4.28";"   0.023";"   0.120";"   0.043";"   0.077";"   0.056";"   0.043";"   0.013";"   0.047";"   0.005"
"197";"A051770";"2017JJ00";"    6542";"    0.35";"    0.18";"    8.41";"    4.98";"   30.86";"    0.17";"    0.90";"    0.31";"    0.58";"    0.41";"    0.31";"    0.10";"    0.40";"    0.04";"     866";"   0.047";"   0.023";"    1.11";"    0.66";"    4.08";"   0.022";"   0.119";"   0.042";"   0.077";"   0.055";"   0.042";"   0.013";"   0.052";"   0.005"
"198";"A051770";"2018JJ00";"    6559";"    0.36";"    0.18";"    8.13";"    5.07";"   30.32";"    0.17";"    0.89";"    0.31";"    0.58";"    0.41";"    0.31";"    0.10";"    0.42";"    0.04";"     867";"   0.047";"   0.023";"    1.07";"    0.67";"    4.01";"   0.022";"   0.118";"   0.041";"   0.077";"   0.054";"   0.041";"   0.013";"   0.055";"   0.005"
"199";"A051770";"2019JJ00";"    6614";"    0.36";"    0.18";"    7.13";"    5.26";"   28.18";"    0.15";"    0.88";"    0.29";"    0.59";"    0.39";"    0.29";"    0.10";"    0.47";"    0.04";"     867";"   0.047";"   0.024";"    0.93";"    0.69";"    3.69";"   0.020";"   0.116";"   0.039";"   0.077";"   0.052";"   0.039";"   0.013";"   0.062";"   0.005"
"200";"A051770";"2020JJ00";"    6608";"    0.36";"    0.19";"    6.10";"    5.33";"   25.20";"    0.14";"    0.85";"    0.27";"    0.59";"    0.37";"    0.27";"    0.10";"    0.53";"    0.04";"     870";"   0.048";"   0.025";"    0.80";"    0.70";"    3.32";"   0.018";"   0.112";"   0.035";"   0.078";"   0.048";"   0.035";"   0.013";"   0.069";"   0.005"
"201";"A051770";"2021JJ00";"    6764";"    0.37";"    0.19";"    5.78";"    5.47";"   24.79";"    0.14";"    0.87";"    0.26";"    0.60";"    0.37";"    0.26";"    0.10";"    0.57";"    0.04";"     872";"   0.048";"   0.025";"    0.75";"    0.71";"    3.20";"   0.018";"   0.112";"   0.034";"   0.078";"   0.047";"   0.034";"   0.013";"   0.073";"   0.005"
"202";"A051770";"2022JJ00";"    6960";"    0.38";"    0.20";"    5.51";"    5.66";"   24.89";"    0.14";"    0.88";"    0.27";"    0.62";"    0.37";"    0.27";"    0.10";"    0.61";"    0.04";"     875";"   0.048";"   0.025";"    0.69";"    0.71";"    3.13";"   0.017";"   0.111";"   0.033";"   0.078";"   0.047";"   0.033";"   0.013";"   0.077";"   0.005"
"203";"A051770";"2023JJ00";"    6849";"    0.37";"    0.20";"    5.08";"    5.68";"   23.78";"    0.14";"    0.87";"    0.26";"    0.61";"    0.37";"    0.26";"    0.10";"    0.62";"    0.04";"     880";"   0.048";"   0.026";"    0.65";"    0.73";"    3.06";"   0.017";"   0.112";"   0.034";"   0.078";"   0.047";"   0.034";"   0.013";"   0.079";"   0.005"
"204";"A018940";"1990JJ00";"     602";"    0.01";"    0.21";"    4.11";"    4.94";"   10.14";"    0.65";"    1.35";"    1.31";"    0.05";"    1.31";"    1.31";"    0.01";"    0.00";"    0.64";"       .";"       .";"       .";"       .";"       .";"       .";"       .";"       .";"       .";"       .";"       .";"       .";"       .";"       .";"       ."
"205";"A018940";"1991JJ00";"     609";"    0.01";"    0.18";"    3.96";"    4.40";"   10.05";"    0.60";"    1.24";"    1.19";"    0.05";"    1.20";"    1.19";"    0.01";"    0.00";"    0.65";"       .";"       .";"       .";"       .";"       .";"       .";"       .";"       .";"       .";"       .";"       .";"       .";"       .";"       .";"       ."
"206";"A018940";"1992JJ00";"     605";"    0.01";"    0.17";"    3.74";"    3.98";"    9.80";"    0.55";"    1.14";"    1.09";"    0.05";"    1.10";"    1.09";"    0.01";"    0.00";"    0.65";"       .";"       .";"       .";"       .";"       .";"       .";"       .";"       .";"       .";"       .";"       .";"       .";"       .";"       .";"       ."
"207";"A018940";"1993JJ00";"     607";"    0.01";"    0.15";"    3.54";"    3.60";"    9.58";"    0.51";"    1.06";"    1.01";"    0.05";"    1.02";"    1.01";"    0.01";"    0.00";"    0.65";"       .";"       .";"       .";"       .";"       .";"       .";"       .";"       .";"       .";"       .";"       .";"       .";"       .";"       .";"       ."
"208";"A018940";"1994JJ00";"     608";"    0.01";"    0.14";"    3.46";"    3.37";"    9.50";"    0.48";"    1.00";"    0.95";"    0.05";"    0.96";"    0.95";"    0.01";"    0.00";"    0.63";"       .";"       .";"       .";"       .";"       .";"       .";"       .";"       .";"       .";"       .";"       .";"       .";"       .";"       .";"       ."
"209";"A018940";"1995JJ00";"     622";"    0.01";"    0.13";"    3.35";"    3.20";"    9.60";"    0.46";"    0.95";"    0.90";"    0.05";"    0.91";"    0.90";"    0.01";"    0.00";"    0.59";"       .";"       .";"       .";"       .";"       .";"       .";"       .";"       .";"       .";"       .";"       .";"       .";"       .";"       .";"       ."
"210";"A018940";"1996JJ00";"     622";"    0.01";"    0.12";"    3.18";"    2.90";"    9.39";"    0.42";"    0.88";"    0.83";"    0.05";"    0.84";"    0.83";"    0.01";"    0.00";"    0.44";"       .";"       .";"       .";"       .";"       .";"       .";"       .";"       .";"       .";"       .";"       .";"       .";"       .";"       .";"       ."
"211";"A018940";"1997JJ00";"     600";"    0.01";"    0.11";"    2.97";"    2.63";"    8.92";"    0.39";"    0.81";"    0.76";"    0.05";"    0.77";"    0.76";"    0.01";"    0.00";"    0.18";"       .";"       .";"       .";"       .";"       .";"       .";"       .";"       .";"       .";"       .";"       .";"       .";"       .";"       .";"       ."
"212";"A018940";"1998JJ00";"     593";"    0.01";"    0.10";"    2.71";"    2.32";"    8.58";"    0.35";"    0.73";"    0.68";"    0.05";"    0.69";"    0.68";"    0.01";"    0.00";"    0.18";"       .";"       .";"       .";"       .";"       .";"       .";"       .";"       .";"       .";"       .";"       .";"       .";"       .";"       .";"       ."
"213";"A018940";"1999JJ00";"     591";"    0.01";"    0.10";"    2.70";"    2.34";"    8.57";"    0.35";"    0.73";"    0.68";"    0.05";"    0.69";"    0.68";"    0.01";"    0.00";"    0.17";"       .";"       .";"       .";"       .";"       .";"       .";"       .";"       .";"       .";"       .";"       .";"       .";"       .";"       .";"       ."
"214";"A018940";"2000JJ00";"     591";"    0.01";"    0.07";"    2.38";"    1.59";"    8.33";"    0.27";"    0.56";"    0.51";"    0.05";"    0.52";"    0.51";"    0.01";"    0.00";"    0.10";"       .";"       .";"       .";"       .";"       .";"       .";"       .";"       .";"       .";"       .";"       .";"       .";"       .";"       .";"       ."
"215";"A018940";"2001JJ00";"     575";"    0.01";"    0.05";"    2.08";"    1.31";"    7.75";"    0.23";"    0.48";"    0.43";"    0.05";"    0.44";"    0.43";"    0.01";"    0.00";"    0.01";"       .";"       .";"       .";"       .";"       .";"       .";"       .";"       .";"       .";"       .";"       .";"       .";"       .";"       .";"       ."
"216";"A018940";"2002JJ00";"     585";"    0.01";"    0.05";"    2.04";"    1.26";"    7.66";"    0.23";"    0.47";"    0.42";"    0.05";"    0.43";"    0.42";"    0.01";"    0.00";"    0.01";"       .";"       .";"       .";"       .";"       .";"       .";"       .";"       .";"       .";"       .";"       .";"       .";"       .";"       .";"       ."
"217";"A018940";"2003JJ00";"     563";"    0.01";"    0.05";"    1.84";"    1.10";"    7.10";"    0.20";"    0.42";"    0.37";"    0.04";"    0.38";"    0.37";"    0.01";"    0.00";"    0.01";"       .";"       .";"       .";"       .";"       .";"       .";"       .";"       .";"       .";"       .";"       .";"       .";"       .";"       .";"       ."
"218";"A018940";"2004JJ00";"     543";"    0.01";"    0.04";"    1.59";"    0.90";"    6.50";"    0.17";"    0.36";"    0.31";"    0.04";"    0.32";"    0.31";"    0.01";"    0.00";"    0.01";"     966";"   0.010";"   0.067";"    2.83";"    1.61";"   11.57";"   0.300";"   0.632";"   0.555";"   0.078";"   0.567";"   0.555";"   0.013";"   0.003";"   0.019"
"219";"A018940";"2005JJ00";"     509";"    0.01";"    0.03";"    1.28";"    0.71";"    5.42";"    0.13";"    0.29";"    0.25";"    0.04";"    0.25";"    0.25";"    0.01";"    0.00";"    0.00";"     906";"   0.013";"   0.056";"    2.28";"    1.26";"    9.66";"   0.239";"   0.510";"   0.437";"   0.073";"   0.449";"   0.437";"   0.012";"   0.005";"   0.005"
"220";"A018940";"2006JJ00";"     500";"    0.01";"    0.03";"    1.06";"    0.55";"    4.66";"    0.11";"    0.23";"    0.19";"    0.04";"    0.20";"    0.19";"    0.01";"    0.00";"    0.00";"     898";"   0.016";"   0.052";"    1.90";"    0.99";"    8.37";"   0.192";"   0.418";"   0.346";"   0.072";"   0.358";"   0.346";"   0.012";"   0.007";"   0.006"
"221";"A018940";"2007JJ00";"     516";"    0.01";"    0.03";"    0.88";"    0.42";"    4.10";"    0.08";"    0.19";"    0.15";"    0.04";"    0.16";"    0.15";"    0.01";"    0.01";"    0.00";"     893";"   0.020";"   0.046";"    1.52";"    0.73";"    7.10";"   0.147";"   0.330";"   0.259";"   0.071";"   0.270";"   0.259";"   0.012";"   0.009";"   0.006"
"222";"A018940";"2008JJ00";"     526";"    0.01";"    0.03";"    0.67";"    0.28";"    3.44";"    0.06";"    0.14";"    0.10";"    0.04";"    0.11";"    0.10";"    0.01";"    0.01";"    0.00";"     889";"   0.024";"   0.046";"    1.14";"    0.47";"    5.82";"   0.101";"   0.241";"   0.170";"   0.071";"   0.181";"   0.170";"   0.011";"   0.012";"   0.005"
"223";"A018940";"2009JJ00";"     545";"    0.02";"    0.04";"    0.49";"    0.13";"    2.76";"    0.03";"    0.09";"    0.05";"    0.04";"    0.06";"    0.05";"    0.01";"    0.01";"    0.00";"     888";"   0.027";"   0.060";"    0.80";"    0.21";"    4.50";"   0.054";"   0.150";"   0.080";"   0.070";"   0.091";"   0.080";"   0.011";"   0.014";"   0.005"
"224";"A018940";"2010JJ00";"     558";"    0.02";"    0.06";"    0.52";"    0.13";"    2.66";"    0.03";"    0.09";"    0.05";"    0.04";"    0.05";"    0.05";"    0.01";"    0.01";"    0.00";"     890";"   0.028";"   0.089";"    0.83";"    0.21";"    4.24";"   0.049";"   0.143";"   0.072";"   0.071";"   0.084";"   0.072";"   0.011";"   0.014";"   0.005"
"225";"A018940";"2011JJ00";"     557";"    0.02";"    0.06";"    0.52";"    0.13";"    2.64";"    0.03";"    0.09";"    0.05";"    0.04";"    0.05";"    0.05";"    0.01";"    0.01";"    0.00";"     889";"   0.029";"   0.098";"    0.83";"    0.21";"    4.21";"   0.050";"   0.145";"   0.073";"   0.072";"   0.085";"   0.073";"   0.012";"   0.013";"   0.005"
"226";"A018940";"2012JJ00";"     536";"    0.02";"    0.06";"    0.55";"    0.15";"    2.49";"    0.03";"    0.09";"    0.04";"    0.04";"    0.05";"    0.04";"    0.01";"    0.01";"    0.00";"     879";"   0.029";"   0.105";"    0.90";"    0.24";"    4.08";"   0.049";"   0.144";"   0.072";"   0.072";"   0.084";"   0.072";"   0.012";"   0.014";"   0.005"
"227";"A018940";"2013JJ00";"     537";"    0.02";"    0.08";"    0.60";"    0.16";"    2.35";"    0.03";"    0.09";"    0.04";"    0.04";"    0.05";"    0.04";"    0.01";"    0.01";"    0.00";"     882";"   0.029";"   0.136";"    0.98";"    0.26";"    3.86";"   0.046";"   0.141";"   0.068";"   0.073";"   0.080";"   0.068";"   0.012";"   0.013";"   0.005"
"228";"A018940";"2014JJ00";"     518";"    0.02";"    0.08";"    0.54";"    0.16";"    2.05";"    0.02";"    0.08";"    0.04";"    0.04";"    0.04";"    0.04";"    0.01";"    0.01";"    0.00";"     874";"   0.030";"   0.134";"    0.92";"    0.27";"    3.46";"   0.040";"   0.135";"   0.061";"   0.074";"   0.073";"   0.061";"   0.012";"   0.012";"   0.005"
"229";"A018940";"2015JJ00";"     511";"    0.02";"    0.07";"    0.51";"    0.16";"    1.94";"    0.02";"    0.08";"    0.03";"    0.04";"    0.04";"    0.03";"    0.01";"    0.01";"    0.00";"     864";"   0.031";"   0.122";"    0.86";"    0.27";"    3.28";"   0.037";"   0.131";"   0.057";"   0.074";"   0.069";"   0.057";"   0.012";"   0.012";"   0.005"
"230";"A018940";"2016JJ00";"     493";"    0.02";"    0.07";"    0.46";"    0.16";"    1.70";"    0.02";"    0.07";"    0.03";"    0.04";"    0.04";"    0.03";"    0.01";"    0.01";"    0.00";"     850";"   0.032";"   0.122";"    0.79";"    0.27";"    2.93";"   0.033";"   0.126";"   0.051";"   0.075";"   0.063";"   0.051";"   0.012";"   0.010";"   0.005"
"231";"A018940";"2017JJ00";"     523";"    0.02";"    0.07";"    0.46";"    0.17";"    1.67";"    0.02";"    0.08";"    0.03";"    0.05";"    0.04";"    0.03";"    0.01";"    0.01";"    0.00";"     842";"   0.032";"   0.113";"    0.73";"    0.27";"    2.68";"   0.029";"   0.122";"   0.046";"   0.076";"   0.058";"   0.046";"   0.012";"   0.009";"   0.005"
"232";"A018940";"2018JJ00";"     522";"    0.02";"    0.07";"    0.45";"    0.17";"    1.64";"    0.02";"    0.08";"    0.03";"    0.05";"    0.04";"    0.03";"    0.01";"    0.01";"    0.00";"     825";"   0.032";"   0.108";"    0.71";"    0.27";"    2.59";"   0.028";"   0.120";"   0.044";"   0.076";"   0.057";"   0.044";"   0.012";"   0.009";"   0.005"
"233";"A018940";"2019JJ00";"     493";"    0.02";"    0.07";"    0.42";"    0.16";"    1.41";"    0.01";"    0.07";"    0.02";"    0.05";"    0.03";"    0.02";"    0.01";"    0.01";"    0.00";"     802";"   0.031";"   0.111";"    0.69";"    0.27";"    2.29";"   0.024";"   0.115";"   0.039";"   0.076";"   0.052";"   0.039";"   0.012";"   0.008";"   0.005"
"234";"A018940";"2020JJ00";"     383";"    0.01";"    0.06";"    0.33";"    0.13";"    0.96";"    0.01";"    0.05";"    0.02";"    0.04";"    0.02";"    0.02";"    0.01";"    0.00";"    0.00";"     775";"   0.030";"   0.117";"    0.67";"    0.26";"    1.93";"   0.019";"   0.109";"   0.032";"   0.077";"   0.045";"   0.032";"   0.013";"   0.007";"   0.005"
"235";"A018940";"2021JJ00";"     344";"    0.01";"    0.06";"    0.31";"    0.12";"    0.81";"    0.01";"    0.05";"    0.01";"    0.04";"    0.02";"    0.01";"    0.01";"    0.00";"    0.00";"     698";"   0.027";"   0.119";"    0.62";"    0.25";"    1.63";"   0.015";"   0.104";"   0.028";"   0.077";"   0.040";"   0.028";"   0.012";"   0.006";"   0.005"
"236";"A018940";"2022JJ00";"     339";"    0.01";"    0.06";"    0.30";"    0.13";"    0.77";"    0.01";"    0.05";"    0.01";"    0.04";"    0.02";"    0.01";"    0.01";"    0.00";"    0.00";"     667";"   0.027";"   0.114";"    0.58";"    0.25";"    1.52";"   0.014";"   0.102";"   0.026";"   0.077";"   0.038";"   0.026";"   0.012";"   0.005";"   0.005"
"237";"A018940";"2023JJ00";"     324";"    0.01";"    0.06";"    0.28";"    0.13";"    0.71";"    0.01";"    0.05";"    0.01";"    0.04";"    0.02";"    0.01";"    0.01";"    0.00";"    0.00";"     651";"   0.027";"   0.112";"    0.56";"    0.25";"    1.42";"   0.013";"   0.101";"   0.024";"   0.077";"   0.037";"   0.024";"   0.012";"   0.005";"   0.005"
